2026-08-21 13:34:20,791 | INFO | sqlalchemy.engine.Engine | 1848 | select pg_catalog.version()
2026-08-21 13:34:20,791 | INFO | sqlalchemy.engine.Engine | 1848 | [raw sql] ()
2026-08-21 13:34:20,795 | INFO | sqlalchemy.engine.Engine | 1848 | select current_schema()
2026-08-21 13:34:20,795 | INFO | sqlalchemy.engine.Engine | 1848 | [raw sql] ()
2026-08-21 13:34:20,800 | INFO | sqlalchemy.engine.Engine | 1848 | show standard_conforming_strings
2026-08-21 13:34:20,800 | INFO | sqlalchemy.engine.Engine | 1848 | [raw sql] ()
2026-08-21 13:34:20,803 | INFO | sqlalchemy.engine.Engine | 2712 | BEGIN (implicit)
2026-08-21 13:34:20,807 | INFO | sqlalchemy.engine.Engine | 1848 | SELECT pg_catalog.pg_class.relname 
FROM pg_catalog.pg_class JOIN pg_catalog.pg_namespace ON pg_catalog.pg_namespace.oid = pg_catalog.pg_class.relnamespace 
WHERE pg_catalog.pg_class.relname = $1::VARCHAR AND pg_catalog.pg_class.relkind = ANY (ARRAY[$2::VARCHAR, $3::VARCHAR, $4::VARCHAR, $5::VARCHAR, $6::VARCHAR]) AND pg_catalog.pg_table_is_visible(pg_catalog.pg_class.oid) AND pg_catalog.pg_namespace.nspname != $7::VARCHAR
2026-08-21 13:34:20,814 | INFO | sqlalchemy.engine.Engine | 1848 | [generated in 0.00640s] ('users', 'r', 'p', 'f', 'v', 'm', 'pg_catalog')
2026-08-21 13:34:20,830 | INFO | sqlalchemy.engine.Engine | 1848 | 
CREATE TABLE users (
	id UUID DEFAULT gen_random_uuid() NOT NULL, 
	email VARCHAR(255) NOT NULL, 
	password VARCHAR(255), 
	username VARCHAR(255) NOT NULL, 
	role TEXT DEFAULT 'user' NOT NULL, 
	is_active BOOLEAN DEFAULT false NOT NULL, 
	created_at TIMESTAMP WITH TIME ZONE DEFAULT now() NOT NULL, 
	updated_at TIMESTAMP WITH TIME ZONE DEFAULT now() NOT NULL, 
	PRIMARY KEY (id)
)


2026-08-21 13:34:20,831 | INFO | sqlalchemy.engine.Engine | 1848 | [no key 0.00104s] ()
2026-08-21 13:34:20,870 | INFO | sqlalchemy.engine.Engine | 1848 | CREATE INDEX ix_users_role ON users (role)
2026-08-21 13:34:20,870 | INFO | sqlalchemy.engine.Engine | 1848 | [no key 0.00043s] ()
2026-08-21 13:34:20,875 | INFO | sqlalchemy.engine.Engine | 1848 | CREATE INDEX ix_users_email ON users (email)
2026-08-21 13:34:20,876 | INFO | sqlalchemy.engine.Engine | 1848 | [no key 0.00044s] ()
2026-08-21 13:34:20,879 | INFO | sqlalchemy.engine.Engine | 2718 | COMMIT
2026-08-21 13:34:20,886 | INFO | sqlalchemy.engine.Engine | 2712 | BEGIN (implicit)
2026-08-21 13:34:20,888 | INFO | sqlalchemy.engine.Engine | 1848 | INSERT INTO users (id, email, password, username, role, is_active, created_at, updated_at) VALUES ($1::UUID, $2::VARCHAR, $3::VARCHAR, $4::VARCHAR, $5::VARCHAR, $6::BOOLEAN, $7::TIMESTAMP WITH TIME ZONE, $8::TIMESTAMP WITH TIME ZONE)
2026-08-21 13:34:20,889 | INFO | sqlalchemy.engine.Engine | 1848 | [generated in 0.00068s] (UUID('939940d3-1a70-4f14-ba43-4ea42b0aed29'), 'testuser@gmail.com', 'hashed_password', 'testuser', <Roles.USER: 'user'>, False, datetime.datetime(2026, 8, 21, 12, 34, 20, 885159, tzinfo=datetime.timezone.utc), datetime.datetime(2026, 8, 21, 12, 34, 20, 885182, tzinfo=datetime.timezone.utc))
2026-08-21 13:34:20,895 | INFO | sqlalchemy.engine.Engine | 2718 | COMMIT
2026-08-21 13:34:20,898 | INFO | sqlalchemy.engine.Engine | 2712 | BEGIN (implicit)
2026-08-21 13:34:20,900 | INFO | sqlalchemy.engine.Engine | 1848 | SELECT users.id, users.email, users.password, users.username, users.role, users.is_active, users.created_at, users.updated_at 
FROM users 
WHERE users.id = $1::UUID
2026-08-21 13:34:20,901 | INFO | sqlalchemy.engine.Engine | 1848 | [generated in 0.00036s] (UUID('939940d3-1a70-4f14-ba43-4ea42b0aed29'),)
2026-08-21 13:34:20,904 | INFO | sqlalchemy.engine.Engine | 1848 | SELECT users.id, users.email, users.password, users.username, users.role, users.is_active, users.created_at, users.updated_at 
FROM users 
WHERE users.id = $1::UUID
2026-08-21 13:34:20,904 | INFO | sqlalchemy.engine.Engine | 1848 | [generated in 0.00049s] (UUID('939940d3-1a70-4f14-ba43-4ea42b0aed29'),)
2026-08-21 13:34:20,908 | INFO | sqlalchemy.engine.Engine | 2715 | ROLLBACK
2026-08-21 13:34:20,911 | INFO | sqlalchemy.engine.Engine | 2712 | BEGIN (implicit)
2026-08-21 13:34:20,912 | INFO | sqlalchemy.engine.Engine | 1848 | SELECT pg_catalog.pg_class.relname 
FROM pg_catalog.pg_class JOIN pg_catalog.pg_namespace ON pg_catalog.pg_namespace.oid = pg_catalog.pg_class.relnamespace 
WHERE pg_catalog.pg_class.relname = $1::VARCHAR AND pg_catalog.pg_class.relkind = ANY (ARRAY[$2::VARCHAR, $3::VARCHAR, $4::VARCHAR, $5::VARCHAR, $6::VARCHAR]) AND pg_catalog.pg_table_is_visible(pg_catalog.pg_class.oid) AND pg_catalog.pg_namespace.nspname != $7::VARCHAR
2026-08-21 13:34:20,913 | INFO | sqlalchemy.engine.Engine | 1848 | [cached since 0.1055s ago] ('users', 'r', 'p', 'f', 'v', 'm', 'pg_catalog')
2026-08-21 13:34:20,915 | INFO | sqlalchemy.engine.Engine | 1848 | 
DROP TABLE users
2026-08-21 13:34:20,916 | INFO | sqlalchemy.engine.Engine | 1848 | [no key 0.00054s] ()
2026-08-21 13:34:20,923 | INFO | sqlalchemy.engine.Engine | 2718 | COMMIT
2026-08-21 13:34:21,195 | INFO | sqlalchemy.engine.Engine | 1848 | select pg_catalog.version()
2026-08-21 13:34:21,195 | INFO | sqlalchemy.engine.Engine | 1848 | [raw sql] ()
2026-08-21 13:34:21,199 | INFO | sqlalchemy.engine.Engine | 1848 | select current_schema()
2026-08-21 13:34:21,199 | INFO | sqlalchemy.engine.Engine | 1848 | [raw sql] ()
2026-08-21 13:34:21,202 | INFO | sqlalchemy.engine.Engine | 1848 | show standard_conforming_strings
2026-08-21 13:34:21,202 | INFO | sqlalchemy.engine.Engine | 1848 | [raw sql] ()
2026-08-21 13:34:21,204 | INFO | sqlalchemy.engine.Engine | 2712 | BEGIN (implicit)
2026-08-21 13:34:21,214 | INFO | sqlalchemy.engine.Engine | 1848 | SELECT pg_catalog.pg_class.relname 
FROM pg_catalog.pg_class JOIN pg_catalog.pg_namespace ON pg_catalog.pg_namespace.oid = pg_catalog.pg_class.relnamespace 
WHERE pg_catalog.pg_class.relname = $1::VARCHAR AND pg_catalog.pg_class.relkind = ANY (ARRAY[$2::VARCHAR, $3::VARCHAR, $4::VARCHAR, $5::VARCHAR, $6::VARCHAR]) AND pg_catalog.pg_table_is_visible(pg_catalog.pg_class.oid) AND pg_catalog.pg_namespace.nspname != $7::VARCHAR
2026-08-21 13:34:21,214 | INFO | sqlalchemy.engine.Engine | 1848 | [generated in 0.00079s] ('users', 'r', 'p', 'f', 'v', 'm', 'pg_catalog')
2026-08-21 13:34:21,233 | INFO | sqlalchemy.engine.Engine | 1848 | 
CREATE TABLE users (
	id UUID DEFAULT gen_random_uuid() NOT NULL, 
	email VARCHAR(255) NOT NULL, 
	password VARCHAR(255), 
	username VARCHAR(255) NOT NULL, 
	role TEXT DEFAULT 'user' NOT NULL, 
	is_active BOOLEAN DEFAULT false NOT NULL, 
	created_at TIMESTAMP WITH TIME ZONE DEFAULT now() NOT NULL, 
	updated_at TIMESTAMP WITH TIME ZONE DEFAULT now() NOT NULL, 
	PRIMARY KEY (id)
)


2026-08-21 13:34:21,233 | INFO | sqlalchemy.engine.Engine | 1848 | [no key 0.00055s] ()
2026-08-21 13:34:21,258 | INFO | sqlalchemy.engine.Engine | 1848 | CREATE INDEX ix_users_role ON users (role)
2026-08-21 13:34:21,258 | INFO | sqlalchemy.engine.Engine | 1848 | [no key 0.00033s] ()
2026-08-21 13:34:21,262 | INFO | sqlalchemy.engine.Engine | 1848 | CREATE INDEX ix_users_email ON users (email)
2026-08-21 13:34:21,262 | INFO | sqlalchemy.engine.Engine | 1848 | [no key 0.00077s] ()
2026-08-21 13:34:21,266 | INFO | sqlalchemy.engine.Engine | 2718 | COMMIT
2026-08-21 13:34:21,275 | INFO | sqlalchemy.engine.Engine | 2712 | BEGIN (implicit)
2026-08-21 13:34:21,276 | INFO | sqlalchemy.engine.Engine | 1848 | INSERT INTO users (id, email, password, username, role, is_active, created_at, updated_at) VALUES ($1::UUID, $2::VARCHAR, $3::VARCHAR, $4::VARCHAR, $5::VARCHAR, $6::BOOLEAN, $7::TIMESTAMP WITH TIME ZONE, $8::TIMESTAMP WITH TIME ZONE)
2026-08-21 13:34:21,277 | INFO | sqlalchemy.engine.Engine | 1848 | [generated in 0.00065s] (UUID('39de727e-699a-4cbb-827f-721181890a75'), 'testuser@gmail.com', 'hashed-password', 'testuser', <Roles.USER: 'user'>, False, datetime.datetime(2026, 8, 21, 12, 34, 21, 272683, tzinfo=datetime.timezone.utc), datetime.datetime(2026, 8, 21, 12, 34, 21, 272719, tzinfo=datetime.timezone.utc))
2026-08-21 13:34:21,285 | INFO | sqlalchemy.engine.Engine | 2718 | COMMIT
2026-08-21 13:34:21,287 | INFO | sqlalchemy.engine.Engine | 2712 | BEGIN (implicit)
2026-08-21 13:34:21,288 | INFO | sqlalchemy.engine.Engine | 1848 | SELECT users.id, users.email, users.password, users.username, users.role, users.is_active, users.created_at, users.updated_at 
FROM users 
WHERE users.id = $1::UUID
2026-08-21 13:34:21,289 | INFO | sqlalchemy.engine.Engine | 1848 | [generated in 0.00036s] (UUID('39de727e-699a-4cbb-827f-721181890a75'),)
2026-08-21 13:34:21,291 | INFO | sqlalchemy.engine.Engine | 1848 | SELECT users.id, users.email, users.password, users.username, users.role, users.is_active, users.created_at, users.updated_at 
FROM users 
WHERE users.email = $1::VARCHAR
2026-08-21 13:34:21,292 | INFO | sqlalchemy.engine.Engine | 1848 | [generated in 0.00036s] ('testuser@gmail.com',)
2026-08-21 13:34:21,296 | INFO | sqlalchemy.engine.Engine | 2715 | ROLLBACK
2026-08-21 13:34:21,298 | INFO | sqlalchemy.engine.Engine | 2712 | BEGIN (implicit)
2026-08-21 13:34:21,299 | INFO | sqlalchemy.engine.Engine | 1848 | SELECT pg_catalog.pg_class.relname 
FROM pg_catalog.pg_class JOIN pg_catalog.pg_namespace ON pg_catalog.pg_namespace.oid = pg_catalog.pg_class.relnamespace 
WHERE pg_catalog.pg_class.relname = $1::VARCHAR AND pg_catalog.pg_class.relkind = ANY (ARRAY[$2::VARCHAR, $3::VARCHAR, $4::VARCHAR, $5::VARCHAR, $6::VARCHAR]) AND pg_catalog.pg_table_is_visible(pg_catalog.pg_class.oid) AND pg_catalog.pg_namespace.nspname != $7::VARCHAR
2026-08-21 13:34:21,299 | INFO | sqlalchemy.engine.Engine | 1848 | [cached since 0.08563s ago] ('users', 'r', 'p', 'f', 'v', 'm', 'pg_catalog')
2026-08-21 13:34:21,302 | INFO | sqlalchemy.engine.Engine | 1848 | 
DROP TABLE users
2026-08-21 13:34:21,302 | INFO | sqlalchemy.engine.Engine | 1848 | [no key 0.00038s] ()
2026-08-21 13:34:21,309 | INFO | sqlalchemy.engine.Engine | 2718 | COMMIT
2026-08-21 13:34:21,615 | INFO | sqlalchemy.engine.Engine | 1848 | select pg_catalog.version()
2026-08-21 13:34:21,616 | INFO | sqlalchemy.engine.Engine | 1848 | [raw sql] ()
2026-08-21 13:34:21,620 | INFO | sqlalchemy.engine.Engine | 1848 | select current_schema()
2026-08-21 13:34:21,620 | INFO | sqlalchemy.engine.Engine | 1848 | [raw sql] ()
2026-08-21 13:34:21,623 | INFO | sqlalchemy.engine.Engine | 1848 | show standard_conforming_strings
2026-08-21 13:34:21,624 | INFO | sqlalchemy.engine.Engine | 1848 | [raw sql] ()
2026-08-21 13:34:21,626 | INFO | sqlalchemy.engine.Engine | 2712 | BEGIN (implicit)
2026-08-21 13:34:21,628 | INFO | sqlalchemy.engine.Engine | 1848 | SELECT pg_catalog.pg_class.relname 
FROM pg_catalog.pg_class JOIN pg_catalog.pg_namespace ON pg_catalog.pg_namespace.oid = pg_catalog.pg_class.relnamespace 
WHERE pg_catalog.pg_class.relname = $1::VARCHAR AND pg_catalog.pg_class.relkind = ANY (ARRAY[$2::VARCHAR, $3::VARCHAR, $4::VARCHAR, $5::VARCHAR, $6::VARCHAR]) AND pg_catalog.pg_table_is_visible(pg_catalog.pg_class.oid) AND pg_catalog.pg_namespace.nspname != $7::VARCHAR
2026-08-21 13:34:21,629 | INFO | sqlalchemy.engine.Engine | 1848 | [generated in 0.00062s] ('users', 'r', 'p', 'f', 'v', 'm', 'pg_catalog')
2026-08-21 13:34:21,645 | INFO | sqlalchemy.engine.Engine | 1848 | 
CREATE TABLE users (
	id UUID DEFAULT gen_random_uuid() NOT NULL, 
	email VARCHAR(255) NOT NULL, 
	password VARCHAR(255), 
	username VARCHAR(255) NOT NULL, 
	role TEXT DEFAULT 'user' NOT NULL, 
	is_active BOOLEAN DEFAULT false NOT NULL, 
	created_at TIMESTAMP WITH TIME ZONE DEFAULT now() NOT NULL, 
	updated_at TIMESTAMP WITH TIME ZONE DEFAULT now() NOT NULL, 
	PRIMARY KEY (id)
)


2026-08-21 13:34:21,645 | INFO | sqlalchemy.engine.Engine | 1848 | [no key 0.00039s] ()
2026-08-21 13:34:21,663 | INFO | sqlalchemy.engine.Engine | 1848 | CREATE INDEX ix_users_role ON users (role)
2026-08-21 13:34:21,663 | INFO | sqlalchemy.engine.Engine | 1848 | [no key 0.00051s] ()
2026-08-21 13:34:21,667 | INFO | sqlalchemy.engine.Engine | 1848 | CREATE INDEX ix_users_email ON users (email)
2026-08-21 13:34:21,668 | INFO | sqlalchemy.engine.Engine | 1848 | [no key 0.00043s] ()
2026-08-21 13:34:21,671 | INFO | sqlalchemy.engine.Engine | 2718 | COMMIT
2026-08-21 13:34:21,792 | INFO | sqlalchemy.engine.Engine | 2712 | BEGIN (implicit)
2026-08-21 13:34:21,793 | INFO | sqlalchemy.engine.Engine | 1848 | INSERT INTO users (id, email, password, username, role, is_active, created_at, updated_at) VALUES ($1::UUID, $2::VARCHAR, $3::VARCHAR, $4::VARCHAR, $5::VARCHAR, $6::BOOLEAN, $7::TIMESTAMP WITH TIME ZONE, $8::TIMESTAMP WITH TIME ZONE)
2026-08-21 13:34:21,793 | INFO | sqlalchemy.engine.Engine | 1848 | [generated in 0.00039s] (UUID('70b879f6-8566-4455-bdb6-1b330f014652'), 'testuser@gmail.com', '$argon2id$v=19$m=65536,t=3,p=4$qvatpQctDfm9B2sqqnsvMw$8nXf2rYhJ8VDSHPyAPm/YkBExcQQEA6dxmnS7DaCpxY', 'testuser', <Roles.USER: 'user'>, False, datetime.datetime(2026, 8, 21, 12, 34, 21, 790698, tzinfo=datetime.timezone.utc), datetime.datetime(2026, 8, 21, 12, 34, 21, 790716, tzinfo=datetime.timezone.utc))
2026-08-21 13:34:21,801 | INFO | sqlalchemy.engine.Engine | 2718 | COMMIT
2026-08-21 13:34:21,804 | INFO | sqlalchemy.engine.Engine | 2712 | BEGIN (implicit)
2026-08-21 13:34:21,806 | INFO | sqlalchemy.engine.Engine | 1848 | SELECT users.id, users.email, users.password, users.username, users.role, users.is_active, users.created_at, users.updated_at 
FROM users 
WHERE users.id = $1::UUID
2026-08-21 13:34:21,806 | INFO | sqlalchemy.engine.Engine | 1848 | [generated in 0.00063s] (UUID('70b879f6-8566-4455-bdb6-1b330f014652'),)
2026-08-21 13:34:21,812 | INFO | sqlalchemy.engine.Engine | 2715 | ROLLBACK
2026-08-21 13:34:21,815 | INFO | sqlalchemy.engine.Engine | 2712 | BEGIN (implicit)
2026-08-21 13:34:21,816 | INFO | sqlalchemy.engine.Engine | 1848 | SELECT pg_catalog.pg_class.relname 
FROM pg_catalog.pg_class JOIN pg_catalog.pg_namespace ON pg_catalog.pg_namespace.oid = pg_catalog.pg_class.relnamespace 
WHERE pg_catalog.pg_class.relname = $1::VARCHAR AND pg_catalog.pg_class.relkind = ANY (ARRAY[$2::VARCHAR, $3::VARCHAR, $4::VARCHAR, $5::VARCHAR, $6::VARCHAR]) AND pg_catalog.pg_table_is_visible(pg_catalog.pg_class.oid) AND pg_catalog.pg_namespace.nspname != $7::VARCHAR
2026-08-21 13:34:21,817 | INFO | sqlalchemy.engine.Engine | 1848 | [cached since 0.1886s ago] ('users', 'r', 'p', 'f', 'v', 'm', 'pg_catalog')
2026-08-21 13:34:21,820 | INFO | sqlalchemy.engine.Engine | 1848 | 
DROP TABLE users
2026-08-21 13:34:21,821 | INFO | sqlalchemy.engine.Engine | 1848 | [no key 0.00083s] ()
2026-08-21 13:34:21,834 | INFO | sqlalchemy.engine.Engine | 2718 | COMMIT
2026-08-21 13:39:11,128 | INFO | sqlalchemy.engine.Engine | 1848 | select pg_catalog.version()
2026-08-21 13:39:11,129 | INFO | sqlalchemy.engine.Engine | 1848 | [raw sql] ()
2026-08-21 13:39:11,134 | INFO | sqlalchemy.engine.Engine | 1848 | select current_schema()
2026-08-21 13:39:11,134 | INFO | sqlalchemy.engine.Engine | 1848 | [raw sql] ()
2026-08-21 13:39:11,137 | INFO | sqlalchemy.engine.Engine | 1848 | show standard_conforming_strings
2026-08-21 13:39:11,137 | INFO | sqlalchemy.engine.Engine | 1848 | [raw sql] ()
2026-08-21 13:39:11,139 | INFO | sqlalchemy.engine.Engine | 2712 | BEGIN (implicit)
2026-08-21 13:39:11,143 | INFO | sqlalchemy.engine.Engine | 1848 | SELECT pg_catalog.pg_class.relname 
FROM pg_catalog.pg_class JOIN pg_catalog.pg_namespace ON pg_catalog.pg_namespace.oid = pg_catalog.pg_class.relnamespace 
WHERE pg_catalog.pg_class.relname = $1::VARCHAR AND pg_catalog.pg_class.relkind = ANY (ARRAY[$2::VARCHAR, $3::VARCHAR, $4::VARCHAR, $5::VARCHAR, $6::VARCHAR]) AND pg_catalog.pg_table_is_visible(pg_catalog.pg_class.oid) AND pg_catalog.pg_namespace.nspname != $7::VARCHAR
2026-08-21 13:39:11,144 | INFO | sqlalchemy.engine.Engine | 1848 | [generated in 0.00053s] ('users', 'r', 'p', 'f', 'v', 'm', 'pg_catalog')
2026-08-21 13:39:11,158 | INFO | sqlalchemy.engine.Engine | 1848 | 
CREATE TABLE users (
	id UUID DEFAULT gen_random_uuid() NOT NULL, 
	email VARCHAR(255) NOT NULL, 
	password VARCHAR(255), 
	username VARCHAR(255) NOT NULL, 
	role TEXT DEFAULT 'user' NOT NULL, 
	is_active BOOLEAN DEFAULT false NOT NULL, 
	created_at TIMESTAMP WITH TIME ZONE DEFAULT now() NOT NULL, 
	updated_at TIMESTAMP WITH TIME ZONE DEFAULT now() NOT NULL, 
	PRIMARY KEY (id)
)


2026-08-21 13:39:11,159 | INFO | sqlalchemy.engine.Engine | 1848 | [no key 0.00038s] ()
2026-08-21 13:39:11,204 | INFO | sqlalchemy.engine.Engine | 1848 | CREATE INDEX ix_users_role ON users (role)
2026-08-21 13:39:11,205 | INFO | sqlalchemy.engine.Engine | 1848 | [no key 0.00051s] ()
2026-08-21 13:39:11,208 | INFO | sqlalchemy.engine.Engine | 1848 | CREATE INDEX ix_users_email ON users (email)
2026-08-21 13:39:11,209 | INFO | sqlalchemy.engine.Engine | 1848 | [no key 0.00038s] ()
2026-08-21 13:39:11,212 | INFO | sqlalchemy.engine.Engine | 2718 | COMMIT
2026-08-21 13:39:11,220 | INFO | sqlalchemy.engine.Engine | 2712 | BEGIN (implicit)
2026-08-21 13:39:11,222 | INFO | sqlalchemy.engine.Engine | 1848 | INSERT INTO users (id, email, password, username, role, is_active, created_at, updated_at) VALUES ($1::UUID, $2::VARCHAR, $3::VARCHAR, $4::VARCHAR, $5::VARCHAR, $6::BOOLEAN, $7::TIMESTAMP WITH TIME ZONE, $8::TIMESTAMP WITH TIME ZONE)
2026-08-21 13:39:11,222 | INFO | sqlalchemy.engine.Engine | 1848 | [generated in 0.00047s] (UUID('c9fe3dce-9cbc-4bb8-8109-2d3c3d6a26a9'), 'testuser@gmail.com', 'hashed_password', 'testuser', <Roles.USER: 'user'>, False, datetime.datetime(2026, 8, 21, 12, 39, 11, 218289, tzinfo=datetime.timezone.utc), datetime.datetime(2026, 8, 21, 12, 39, 11, 218340, tzinfo=datetime.timezone.utc))
2026-08-21 13:39:11,230 | INFO | sqlalchemy.engine.Engine | 2718 | COMMIT
2026-08-21 13:39:11,233 | INFO | sqlalchemy.engine.Engine | 2712 | BEGIN (implicit)
2026-08-21 13:39:11,235 | INFO | sqlalchemy.engine.Engine | 1848 | SELECT users.id, users.email, users.password, users.username, users.role, users.is_active, users.created_at, users.updated_at 
FROM users 
WHERE users.id = $1::UUID
2026-08-21 13:39:11,235 | INFO | sqlalchemy.engine.Engine | 1848 | [generated in 0.00037s] (UUID('c9fe3dce-9cbc-4bb8-8109-2d3c3d6a26a9'),)
2026-08-21 13:39:11,239 | INFO | sqlalchemy.engine.Engine | 1848 | SELECT users.id, users.email, users.password, users.username, users.role, users.is_active, users.created_at, users.updated_at 
FROM users 
WHERE users.id = $1::UUID
2026-08-21 13:39:11,239 | INFO | sqlalchemy.engine.Engine | 1848 | [generated in 0.00039s] (UUID('c9fe3dce-9cbc-4bb8-8109-2d3c3d6a26a9'),)
2026-08-21 13:39:11,242 | INFO | sqlalchemy.engine.Engine | 2715 | ROLLBACK
2026-08-21 13:39:11,244 | INFO | sqlalchemy.engine.Engine | 2712 | BEGIN (implicit)
2026-08-21 13:39:11,245 | INFO | sqlalchemy.engine.Engine | 1848 | SELECT pg_catalog.pg_class.relname 
FROM pg_catalog.pg_class JOIN pg_catalog.pg_namespace ON pg_catalog.pg_namespace.oid = pg_catalog.pg_class.relnamespace 
WHERE pg_catalog.pg_class.relname = $1::VARCHAR AND pg_catalog.pg_class.relkind = ANY (ARRAY[$2::VARCHAR, $3::VARCHAR, $4::VARCHAR, $5::VARCHAR, $6::VARCHAR]) AND pg_catalog.pg_table_is_visible(pg_catalog.pg_class.oid) AND pg_catalog.pg_namespace.nspname != $7::VARCHAR
2026-08-21 13:39:11,245 | INFO | sqlalchemy.engine.Engine | 1848 | [cached since 0.1021s ago] ('users', 'r', 'p', 'f', 'v', 'm', 'pg_catalog')
2026-08-21 13:39:11,248 | INFO | sqlalchemy.engine.Engine | 1848 | 
DROP TABLE users
2026-08-21 13:39:11,248 | INFO | sqlalchemy.engine.Engine | 1848 | [no key 0.00032s] ()
2026-08-21 13:39:11,254 | INFO | sqlalchemy.engine.Engine | 2718 | COMMIT
2026-08-21 13:39:11,397 | INFO | sqlalchemy.engine.Engine | 1848 | select pg_catalog.version()
2026-08-21 13:39:11,397 | INFO | sqlalchemy.engine.Engine | 1848 | [raw sql] ()
2026-08-21 13:39:11,400 | INFO | sqlalchemy.engine.Engine | 1848 | select current_schema()
2026-08-21 13:39:11,401 | INFO | sqlalchemy.engine.Engine | 1848 | [raw sql] ()
2026-08-21 13:39:11,403 | INFO | sqlalchemy.engine.Engine | 1848 | show standard_conforming_strings
2026-08-21 13:39:11,403 | INFO | sqlalchemy.engine.Engine | 1848 | [raw sql] ()
2026-08-21 13:39:11,405 | INFO | sqlalchemy.engine.Engine | 2712 | BEGIN (implicit)
2026-08-21 13:39:11,412 | INFO | sqlalchemy.engine.Engine | 1848 | SELECT pg_catalog.pg_class.relname 
FROM pg_catalog.pg_class JOIN pg_catalog.pg_namespace ON pg_catalog.pg_namespace.oid = pg_catalog.pg_class.relnamespace 
WHERE pg_catalog.pg_class.relname = $1::VARCHAR AND pg_catalog.pg_class.relkind = ANY (ARRAY[$2::VARCHAR, $3::VARCHAR, $4::VARCHAR, $5::VARCHAR, $6::VARCHAR]) AND pg_catalog.pg_table_is_visible(pg_catalog.pg_class.oid) AND pg_catalog.pg_namespace.nspname != $7::VARCHAR
2026-08-21 13:39:11,412 | INFO | sqlalchemy.engine.Engine | 1848 | [generated in 0.00046s] ('users', 'r', 'p', 'f', 'v', 'm', 'pg_catalog')
2026-08-21 13:39:11,426 | INFO | sqlalchemy.engine.Engine | 1848 | 
CREATE TABLE users (
	id UUID DEFAULT gen_random_uuid() NOT NULL, 
	email VARCHAR(255) NOT NULL, 
	password VARCHAR(255), 
	username VARCHAR(255) NOT NULL, 
	role TEXT DEFAULT 'user' NOT NULL, 
	is_active BOOLEAN DEFAULT false NOT NULL, 
	created_at TIMESTAMP WITH TIME ZONE DEFAULT now() NOT NULL, 
	updated_at TIMESTAMP WITH TIME ZONE DEFAULT now() NOT NULL, 
	PRIMARY KEY (id)
)


2026-08-21 13:39:11,426 | INFO | sqlalchemy.engine.Engine | 1848 | [no key 0.00037s] ()
2026-08-21 13:39:11,445 | INFO | sqlalchemy.engine.Engine | 1848 | CREATE INDEX ix_users_role ON users (role)
2026-08-21 13:39:11,445 | INFO | sqlalchemy.engine.Engine | 1848 | [no key 0.00047s] ()
2026-08-21 13:39:11,449 | INFO | sqlalchemy.engine.Engine | 1848 | CREATE INDEX ix_users_email ON users (email)
2026-08-21 13:39:11,449 | INFO | sqlalchemy.engine.Engine | 1848 | [no key 0.00045s] ()
2026-08-21 13:39:11,452 | INFO | sqlalchemy.engine.Engine | 2718 | COMMIT
2026-08-21 13:39:11,458 | INFO | sqlalchemy.engine.Engine | 2712 | BEGIN (implicit)
2026-08-21 13:39:11,459 | INFO | sqlalchemy.engine.Engine | 1848 | INSERT INTO users (id, email, password, username, role, is_active, created_at, updated_at) VALUES ($1::UUID, $2::VARCHAR, $3::VARCHAR, $4::VARCHAR, $5::VARCHAR, $6::BOOLEAN, $7::TIMESTAMP WITH TIME ZONE, $8::TIMESTAMP WITH TIME ZONE)
2026-08-21 13:39:11,459 | INFO | sqlalchemy.engine.Engine | 1848 | [generated in 0.00039s] (UUID('dddad2ff-e089-425d-8c2d-ab43cac51bce'), 'testuser@gmail.com', 'hashed-password', 'testuser', <Roles.USER: 'user'>, False, datetime.datetime(2026, 8, 21, 12, 39, 11, 456806, tzinfo=datetime.timezone.utc), datetime.datetime(2026, 8, 21, 12, 39, 11, 456824, tzinfo=datetime.timezone.utc))
2026-08-21 13:39:11,467 | INFO | sqlalchemy.engine.Engine | 2718 | COMMIT
2026-08-21 13:39:11,469 | INFO | sqlalchemy.engine.Engine | 2712 | BEGIN (implicit)
2026-08-21 13:39:11,470 | INFO | sqlalchemy.engine.Engine | 1848 | SELECT users.id, users.email, users.password, users.username, users.role, users.is_active, users.created_at, users.updated_at 
FROM users 
WHERE users.id = $1::UUID
2026-08-21 13:39:11,470 | INFO | sqlalchemy.engine.Engine | 1848 | [generated in 0.00037s] (UUID('dddad2ff-e089-425d-8c2d-ab43cac51bce'),)
2026-08-21 13:39:11,474 | INFO | sqlalchemy.engine.Engine | 1848 | SELECT users.id, users.email, users.password, users.username, users.role, users.is_active, users.created_at, users.updated_at 
FROM users 
WHERE users.email = $1::VARCHAR
2026-08-21 13:39:11,474 | INFO | sqlalchemy.engine.Engine | 1848 | [generated in 0.00047s] ('testuser@gmail.com',)
2026-08-21 13:39:11,477 | INFO | sqlalchemy.engine.Engine | 2715 | ROLLBACK
2026-08-21 13:39:11,479 | INFO | sqlalchemy.engine.Engine | 2712 | BEGIN (implicit)
2026-08-21 13:39:11,480 | INFO | sqlalchemy.engine.Engine | 1848 | SELECT pg_catalog.pg_class.relname 
FROM pg_catalog.pg_class JOIN pg_catalog.pg_namespace ON pg_catalog.pg_namespace.oid = pg_catalog.pg_class.relnamespace 
WHERE pg_catalog.pg_class.relname = $1::VARCHAR AND pg_catalog.pg_class.relkind = ANY (ARRAY[$2::VARCHAR, $3::VARCHAR, $4::VARCHAR, $5::VARCHAR, $6::VARCHAR]) AND pg_catalog.pg_table_is_visible(pg_catalog.pg_class.oid) AND pg_catalog.pg_namespace.nspname != $7::VARCHAR
2026-08-21 13:39:11,480 | INFO | sqlalchemy.engine.Engine | 1848 | [cached since 0.06824s ago] ('users', 'r', 'p', 'f', 'v', 'm', 'pg_catalog')
2026-08-21 13:39:11,482 | INFO | sqlalchemy.engine.Engine | 1848 | 
DROP TABLE users
2026-08-21 13:39:11,482 | INFO | sqlalchemy.engine.Engine | 1848 | [no key 0.00034s] ()
2026-08-21 13:39:11,488 | INFO | sqlalchemy.engine.Engine | 2718 | COMMIT
2026-08-21 13:39:11,628 | INFO | sqlalchemy.engine.Engine | 1848 | select pg_catalog.version()
2026-08-21 13:39:11,629 | INFO | sqlalchemy.engine.Engine | 1848 | [raw sql] ()
2026-08-21 13:39:11,632 | INFO | sqlalchemy.engine.Engine | 1848 | select current_schema()
2026-08-21 13:39:11,632 | INFO | sqlalchemy.engine.Engine | 1848 | [raw sql] ()
2026-08-21 13:39:11,634 | INFO | sqlalchemy.engine.Engine | 1848 | show standard_conforming_strings
2026-08-21 13:39:11,635 | INFO | sqlalchemy.engine.Engine | 1848 | [raw sql] ()
2026-08-21 13:39:11,636 | INFO | sqlalchemy.engine.Engine | 2712 | BEGIN (implicit)
2026-08-21 13:39:11,638 | INFO | sqlalchemy.engine.Engine | 1848 | SELECT pg_catalog.pg_class.relname 
FROM pg_catalog.pg_class JOIN pg_catalog.pg_namespace ON pg_catalog.pg_namespace.oid = pg_catalog.pg_class.relnamespace 
WHERE pg_catalog.pg_class.relname = $1::VARCHAR AND pg_catalog.pg_class.relkind = ANY (ARRAY[$2::VARCHAR, $3::VARCHAR, $4::VARCHAR, $5::VARCHAR, $6::VARCHAR]) AND pg_catalog.pg_table_is_visible(pg_catalog.pg_class.oid) AND pg_catalog.pg_namespace.nspname != $7::VARCHAR
2026-08-21 13:39:11,638 | INFO | sqlalchemy.engine.Engine | 1848 | [generated in 0.00039s] ('users', 'r', 'p', 'f', 'v', 'm', 'pg_catalog')
2026-08-21 13:39:11,652 | INFO | sqlalchemy.engine.Engine | 1848 | 
CREATE TABLE users (
	id UUID DEFAULT gen_random_uuid() NOT NULL, 
	email VARCHAR(255) NOT NULL, 
	password VARCHAR(255), 
	username VARCHAR(255) NOT NULL, 
	role TEXT DEFAULT 'user' NOT NULL, 
	is_active BOOLEAN DEFAULT false NOT NULL, 
	created_at TIMESTAMP WITH TIME ZONE DEFAULT now() NOT NULL, 
	updated_at TIMESTAMP WITH TIME ZONE DEFAULT now() NOT NULL, 
	PRIMARY KEY (id)
)


2026-08-21 13:39:11,652 | INFO | sqlalchemy.engine.Engine | 1848 | [no key 0.00031s] ()
2026-08-21 13:39:11,671 | INFO | sqlalchemy.engine.Engine | 1848 | CREATE INDEX ix_users_role ON users (role)
2026-08-21 13:39:11,672 | INFO | sqlalchemy.engine.Engine | 1848 | [no key 0.00053s] ()
2026-08-21 13:39:11,675 | INFO | sqlalchemy.engine.Engine | 1848 | CREATE INDEX ix_users_email ON users (email)
2026-08-21 13:39:11,676 | INFO | sqlalchemy.engine.Engine | 1848 | [no key 0.00044s] ()
2026-08-21 13:39:11,679 | INFO | sqlalchemy.engine.Engine | 2718 | COMMIT
2026-08-21 13:39:11,797 | INFO | sqlalchemy.engine.Engine | 2712 | BEGIN (implicit)
2026-08-21 13:39:11,798 | INFO | sqlalchemy.engine.Engine | 1848 | INSERT INTO users (id, email, password, username, role, is_active, created_at, updated_at) VALUES ($1::UUID, $2::VARCHAR, $3::VARCHAR, $4::VARCHAR, $5::VARCHAR, $6::BOOLEAN, $7::TIMESTAMP WITH TIME ZONE, $8::TIMESTAMP WITH TIME ZONE)
2026-08-21 13:39:11,799 | INFO | sqlalchemy.engine.Engine | 1848 | [generated in 0.00043s] (UUID('0af277df-bdac-487a-9f8e-0d5ab03450f6'), 'testuser@gmail.com', '$argon2id$v=19$m=65536,t=3,p=4$4/m2farqqipXnLsFkcBFvA$t/fBi3uhd9dmtcHovbb6Rc33gL/ZDQEZxvswpyQux9M', 'testuser', <Roles.USER: 'user'>, False, datetime.datetime(2026, 8, 21, 12, 39, 11, 795458, tzinfo=datetime.timezone.utc), datetime.datetime(2026, 8, 21, 12, 39, 11, 795500, tzinfo=datetime.timezone.utc))
2026-08-21 13:39:11,805 | INFO | sqlalchemy.engine.Engine | 2718 | COMMIT
2026-08-21 13:39:11,807 | INFO | sqlalchemy.engine.Engine | 2712 | BEGIN (implicit)
2026-08-21 13:39:11,808 | INFO | sqlalchemy.engine.Engine | 1848 | SELECT users.id, users.email, users.password, users.username, users.role, users.is_active, users.created_at, users.updated_at 
FROM users 
WHERE users.id = $1::UUID
2026-08-21 13:39:11,808 | INFO | sqlalchemy.engine.Engine | 1848 | [generated in 0.00031s] (UUID('0af277df-bdac-487a-9f8e-0d5ab03450f6'),)
2026-08-21 13:39:11,812 | INFO | sqlalchemy.engine.Engine | 2715 | ROLLBACK
2026-08-21 13:39:11,814 | INFO | sqlalchemy.engine.Engine | 2712 | BEGIN (implicit)
2026-08-21 13:39:11,815 | INFO | sqlalchemy.engine.Engine | 1848 | SELECT pg_catalog.pg_class.relname 
FROM pg_catalog.pg_class JOIN pg_catalog.pg_namespace ON pg_catalog.pg_namespace.oid = pg_catalog.pg_class.relnamespace 
WHERE pg_catalog.pg_class.relname = $1::VARCHAR AND pg_catalog.pg_class.relkind = ANY (ARRAY[$2::VARCHAR, $3::VARCHAR, $4::VARCHAR, $5::VARCHAR, $6::VARCHAR]) AND pg_catalog.pg_table_is_visible(pg_catalog.pg_class.oid) AND pg_catalog.pg_namespace.nspname != $7::VARCHAR
2026-08-21 13:39:11,815 | INFO | sqlalchemy.engine.Engine | 1848 | [cached since 0.1772s ago] ('users', 'r', 'p', 'f', 'v', 'm', 'pg_catalog')
2026-08-21 13:39:11,817 | INFO | sqlalchemy.engine.Engine | 1848 | 
DROP TABLE users
2026-08-21 13:39:11,817 | INFO | sqlalchemy.engine.Engine | 1848 | [no key 0.00034s] ()
2026-08-21 13:39:11,823 | INFO | sqlalchemy.engine.Engine | 2718 | COMMIT
2026-08-21 13:39:11,988 | INFO | sqlalchemy.engine.Engine | 1848 | select pg_catalog.version()
2026-08-21 13:39:11,989 | INFO | sqlalchemy.engine.Engine | 1848 | [raw sql] ()
2026-08-21 13:39:11,993 | INFO | sqlalchemy.engine.Engine | 1848 | select current_schema()
2026-08-21 13:39:11,993 | INFO | sqlalchemy.engine.Engine | 1848 | [raw sql] ()
2026-08-21 13:39:11,996 | INFO | sqlalchemy.engine.Engine | 1848 | show standard_conforming_strings
2026-08-21 13:39:11,996 | INFO | sqlalchemy.engine.Engine | 1848 | [raw sql] ()
2026-08-21 13:39:11,999 | INFO | sqlalchemy.engine.Engine | 2712 | BEGIN (implicit)
2026-08-21 13:39:12,001 | INFO | sqlalchemy.engine.Engine | 1848 | SELECT pg_catalog.pg_class.relname 
FROM pg_catalog.pg_class JOIN pg_catalog.pg_namespace ON pg_catalog.pg_namespace.oid = pg_catalog.pg_class.relnamespace 
WHERE pg_catalog.pg_class.relname = $1::VARCHAR AND pg_catalog.pg_class.relkind = ANY (ARRAY[$2::VARCHAR, $3::VARCHAR, $4::VARCHAR, $5::VARCHAR, $6::VARCHAR]) AND pg_catalog.pg_table_is_visible(pg_catalog.pg_class.oid) AND pg_catalog.pg_namespace.nspname != $7::VARCHAR
2026-08-21 13:39:12,001 | INFO | sqlalchemy.engine.Engine | 1848 | [generated in 0.00048s] ('users', 'r', 'p', 'f', 'v', 'm', 'pg_catalog')
2026-08-21 13:39:12,018 | INFO | sqlalchemy.engine.Engine | 1848 | 
CREATE TABLE users (
	id UUID DEFAULT gen_random_uuid() NOT NULL, 
	email VARCHAR(255) NOT NULL, 
	password VARCHAR(255), 
	username VARCHAR(255) NOT NULL, 
	role TEXT DEFAULT 'user' NOT NULL, 
	is_active BOOLEAN DEFAULT false NOT NULL, 
	created_at TIMESTAMP WITH TIME ZONE DEFAULT now() NOT NULL, 
	updated_at TIMESTAMP WITH TIME ZONE DEFAULT now() NOT NULL, 
	PRIMARY KEY (id)
)


2026-08-21 13:39:12,018 | INFO | sqlalchemy.engine.Engine | 1848 | [no key 0.00064s] ()
2026-08-21 13:39:12,041 | INFO | sqlalchemy.engine.Engine | 1848 | CREATE INDEX ix_users_role ON users (role)
2026-08-21 13:39:12,041 | INFO | sqlalchemy.engine.Engine | 1848 | [no key 0.00051s] ()
2026-08-21 13:39:12,046 | INFO | sqlalchemy.engine.Engine | 1848 | CREATE INDEX ix_users_email ON users (email)
2026-08-21 13:39:12,046 | INFO | sqlalchemy.engine.Engine | 1848 | [no key 0.00058s] ()
2026-08-21 13:39:12,051 | INFO | sqlalchemy.engine.Engine | 2718 | COMMIT
2026-08-21 13:39:12,058 | INFO | sqlalchemy.engine.Engine | 2712 | BEGIN (implicit)
2026-08-21 13:39:12,060 | INFO | sqlalchemy.engine.Engine | 1848 | INSERT INTO users (id, email, password, username, role, is_active, created_at, updated_at) VALUES ($1::UUID, $2::VARCHAR, $3::VARCHAR, $4::VARCHAR, $5::VARCHAR, $6::BOOLEAN, $7::TIMESTAMP WITH TIME ZONE, $8::TIMESTAMP WITH TIME ZONE)
2026-08-21 13:39:12,060 | INFO | sqlalchemy.engine.Engine | 1848 | [generated in 0.00054s] (UUID('5d919f90-9962-4f3b-8bc7-b61a7107e83d'), 'testuser@gmail.com', 'hashed-password', 'testuser', <Roles.USER: 'user'>, False, datetime.datetime(2026, 8, 21, 12, 39, 12, 56149, tzinfo=datetime.timezone.utc), datetime.datetime(2026, 8, 21, 12, 39, 12, 56179, tzinfo=datetime.timezone.utc))
2026-08-21 13:39:12,070 | INFO | sqlalchemy.engine.Engine | 2718 | COMMIT
2026-08-21 13:39:12,073 | INFO | sqlalchemy.engine.Engine | 2712 | BEGIN (implicit)
2026-08-21 13:39:12,075 | INFO | sqlalchemy.engine.Engine | 1848 | SELECT users.id, users.email, users.password, users.username, users.role, users.is_active, users.created_at, users.updated_at 
FROM users 
WHERE users.id = $1::UUID
2026-08-21 13:39:12,075 | INFO | sqlalchemy.engine.Engine | 1848 | [generated in 0.00056s] (UUID('5d919f90-9962-4f3b-8bc7-b61a7107e83d'),)
2026-08-21 13:39:12,082 | INFO | sqlalchemy.engine.Engine | 1848 | SELECT users.id, users.email, users.password, users.username, users.role, users.is_active, users.created_at, users.updated_at 
FROM users 
WHERE users.id = $1::UUID
2026-08-21 13:39:12,083 | INFO | sqlalchemy.engine.Engine | 1848 | [generated in 0.00065s] (UUID('5d919f90-9962-4f3b-8bc7-b61a7107e83d'),)
2026-08-21 13:39:12,088 | INFO | sqlalchemy.engine.Engine | 1848 | UPDATE users SET username=$1::VARCHAR, updated_at=now() WHERE users.id = $2::UUID
2026-08-21 13:39:12,088 | INFO | sqlalchemy.engine.Engine | 1848 | [generated in 0.00056s] ('marvelous', UUID('5d919f90-9962-4f3b-8bc7-b61a7107e83d'))
2026-08-21 13:39:12,091 | INFO | sqlalchemy.engine.Engine | 2718 | COMMIT
2026-08-21 13:39:12,093 | INFO | sqlalchemy.engine.Engine | 2712 | BEGIN (implicit)
2026-08-21 13:39:12,094 | INFO | sqlalchemy.engine.Engine | 1848 | SELECT users.id, users.email, users.password, users.username, users.role, users.is_active, users.created_at, users.updated_at 
FROM users 
WHERE users.id = $1::UUID
2026-08-21 13:39:12,094 | INFO | sqlalchemy.engine.Engine | 1848 | [cached since 0.01949s ago] (UUID('5d919f90-9962-4f3b-8bc7-b61a7107e83d'),)
2026-08-21 13:39:12,097 | INFO | sqlalchemy.engine.Engine | 2715 | ROLLBACK
2026-08-21 13:39:12,100 | INFO | sqlalchemy.engine.Engine | 2712 | BEGIN (implicit)
2026-08-21 13:39:12,100 | INFO | sqlalchemy.engine.Engine | 1848 | SELECT pg_catalog.pg_class.relname 
FROM pg_catalog.pg_class JOIN pg_catalog.pg_namespace ON pg_catalog.pg_namespace.oid = pg_catalog.pg_class.relnamespace 
WHERE pg_catalog.pg_class.relname = $1::VARCHAR AND pg_catalog.pg_class.relkind = ANY (ARRAY[$2::VARCHAR, $3::VARCHAR, $4::VARCHAR, $5::VARCHAR, $6::VARCHAR]) AND pg_catalog.pg_table_is_visible(pg_catalog.pg_class.oid) AND pg_catalog.pg_namespace.nspname != $7::VARCHAR
2026-08-21 13:39:12,100 | INFO | sqlalchemy.engine.Engine | 1848 | [cached since 0.09965s ago] ('users', 'r', 'p', 'f', 'v', 'm', 'pg_catalog')
2026-08-21 13:39:12,103 | INFO | sqlalchemy.engine.Engine | 1848 | 
DROP TABLE users
2026-08-21 13:39:12,103 | INFO | sqlalchemy.engine.Engine | 1848 | [no key 0.00033s] ()
2026-08-21 13:39:12,110 | INFO | sqlalchemy.engine.Engine | 2718 | COMMIT
2026-08-21 13:46:52,332 | INFO | sqlalchemy.engine.Engine | 1848 | select pg_catalog.version()
2026-08-21 13:46:52,333 | INFO | sqlalchemy.engine.Engine | 1848 | [raw sql] ()
2026-08-21 13:46:52,337 | INFO | sqlalchemy.engine.Engine | 1848 | select current_schema()
2026-08-21 13:46:52,337 | INFO | sqlalchemy.engine.Engine | 1848 | [raw sql] ()
2026-08-21 13:46:52,340 | INFO | sqlalchemy.engine.Engine | 1848 | show standard_conforming_strings
2026-08-21 13:46:52,341 | INFO | sqlalchemy.engine.Engine | 1848 | [raw sql] ()
2026-08-21 13:46:52,342 | INFO | sqlalchemy.engine.Engine | 2712 | BEGIN (implicit)
2026-08-21 13:46:52,347 | INFO | sqlalchemy.engine.Engine | 1848 | SELECT pg_catalog.pg_class.relname 
FROM pg_catalog.pg_class JOIN pg_catalog.pg_namespace ON pg_catalog.pg_namespace.oid = pg_catalog.pg_class.relnamespace 
WHERE pg_catalog.pg_class.relname = $1::VARCHAR AND pg_catalog.pg_class.relkind = ANY (ARRAY[$2::VARCHAR, $3::VARCHAR, $4::VARCHAR, $5::VARCHAR, $6::VARCHAR]) AND pg_catalog.pg_table_is_visible(pg_catalog.pg_class.oid) AND pg_catalog.pg_namespace.nspname != $7::VARCHAR
2026-08-21 13:46:52,347 | INFO | sqlalchemy.engine.Engine | 1848 | [generated in 0.00046s] ('users', 'r', 'p', 'f', 'v', 'm', 'pg_catalog')
2026-08-21 13:46:52,362 | INFO | sqlalchemy.engine.Engine | 1848 | 
CREATE TABLE users (
	id UUID DEFAULT gen_random_uuid() NOT NULL, 
	email VARCHAR(255) NOT NULL, 
	password VARCHAR(255), 
	username VARCHAR(255) NOT NULL, 
	role TEXT DEFAULT 'user' NOT NULL, 
	is_active BOOLEAN DEFAULT false NOT NULL, 
	created_at TIMESTAMP WITH TIME ZONE DEFAULT now() NOT NULL, 
	updated_at TIMESTAMP WITH TIME ZONE DEFAULT now() NOT NULL, 
	PRIMARY KEY (id)
)


2026-08-21 13:46:52,363 | INFO | sqlalchemy.engine.Engine | 1848 | [no key 0.00043s] ()
2026-08-21 13:46:52,406 | INFO | sqlalchemy.engine.Engine | 1848 | CREATE INDEX ix_users_role ON users (role)
2026-08-21 13:46:52,406 | INFO | sqlalchemy.engine.Engine | 1848 | [no key 0.00049s] ()
2026-08-21 13:46:52,409 | INFO | sqlalchemy.engine.Engine | 1848 | CREATE INDEX ix_users_email ON users (email)
2026-08-21 13:46:52,410 | INFO | sqlalchemy.engine.Engine | 1848 | [no key 0.00051s] ()
2026-08-21 13:46:52,413 | INFO | sqlalchemy.engine.Engine | 2718 | COMMIT
2026-08-21 13:46:52,421 | INFO | sqlalchemy.engine.Engine | 2712 | BEGIN (implicit)
2026-08-21 13:46:52,423 | INFO | sqlalchemy.engine.Engine | 1848 | INSERT INTO users (id, email, password, username, role, is_active, created_at, updated_at) VALUES ($1::UUID, $2::VARCHAR, $3::VARCHAR, $4::VARCHAR, $5::VARCHAR, $6::BOOLEAN, $7::TIMESTAMP WITH TIME ZONE, $8::TIMESTAMP WITH TIME ZONE)
2026-08-21 13:46:52,423 | INFO | sqlalchemy.engine.Engine | 1848 | [generated in 0.00042s] (UUID('17c309ac-4fa3-454b-abfa-c64a533353a3'), 'testuser@gmail.com', 'hashed_password', 'testuser', <Roles.USER: 'user'>, False, datetime.datetime(2026, 8, 21, 12, 46, 52, 419518, tzinfo=datetime.timezone.utc), datetime.datetime(2026, 8, 21, 12, 46, 52, 419541, tzinfo=datetime.timezone.utc))
2026-08-21 13:46:52,430 | INFO | sqlalchemy.engine.Engine | 2718 | COMMIT
2026-08-21 13:46:52,432 | INFO | sqlalchemy.engine.Engine | 2712 | BEGIN (implicit)
2026-08-21 13:46:52,435 | INFO | sqlalchemy.engine.Engine | 1848 | SELECT users.id, users.email, users.password, users.username, users.role, users.is_active, users.created_at, users.updated_at 
FROM users 
WHERE users.id = $1::UUID
2026-08-21 13:46:52,435 | INFO | sqlalchemy.engine.Engine | 1848 | [generated in 0.00040s] (UUID('17c309ac-4fa3-454b-abfa-c64a533353a3'),)
2026-08-21 13:46:52,439 | INFO | sqlalchemy.engine.Engine | 1848 | SELECT users.id, users.email, users.password, users.username, users.role, users.is_active, users.created_at, users.updated_at 
FROM users 
WHERE users.id = $1::UUID
2026-08-21 13:46:52,439 | INFO | sqlalchemy.engine.Engine | 1848 | [generated in 0.00037s] (UUID('17c309ac-4fa3-454b-abfa-c64a533353a3'),)
2026-08-21 13:46:52,442 | INFO | sqlalchemy.engine.Engine | 2715 | ROLLBACK
2026-08-21 13:46:52,444 | INFO | sqlalchemy.engine.Engine | 2712 | BEGIN (implicit)
2026-08-21 13:46:52,445 | INFO | sqlalchemy.engine.Engine | 1848 | SELECT pg_catalog.pg_class.relname 
FROM pg_catalog.pg_class JOIN pg_catalog.pg_namespace ON pg_catalog.pg_namespace.oid = pg_catalog.pg_class.relnamespace 
WHERE pg_catalog.pg_class.relname = $1::VARCHAR AND pg_catalog.pg_class.relkind = ANY (ARRAY[$2::VARCHAR, $3::VARCHAR, $4::VARCHAR, $5::VARCHAR, $6::VARCHAR]) AND pg_catalog.pg_table_is_visible(pg_catalog.pg_class.oid) AND pg_catalog.pg_namespace.nspname != $7::VARCHAR
2026-08-21 13:46:52,445 | INFO | sqlalchemy.engine.Engine | 1848 | [cached since 0.09835s ago] ('users', 'r', 'p', 'f', 'v', 'm', 'pg_catalog')
2026-08-21 13:46:52,447 | INFO | sqlalchemy.engine.Engine | 1848 | 
DROP TABLE users
2026-08-21 13:46:52,447 | INFO | sqlalchemy.engine.Engine | 1848 | [no key 0.00034s] ()
2026-08-21 13:46:52,455 | INFO | sqlalchemy.engine.Engine | 2718 | COMMIT
2026-08-21 13:46:52,596 | INFO | sqlalchemy.engine.Engine | 1848 | select pg_catalog.version()
2026-08-21 13:46:52,596 | INFO | sqlalchemy.engine.Engine | 1848 | [raw sql] ()
2026-08-21 13:46:52,599 | INFO | sqlalchemy.engine.Engine | 1848 | select current_schema()
2026-08-21 13:46:52,600 | INFO | sqlalchemy.engine.Engine | 1848 | [raw sql] ()
2026-08-21 13:46:52,602 | INFO | sqlalchemy.engine.Engine | 1848 | show standard_conforming_strings
2026-08-21 13:46:52,602 | INFO | sqlalchemy.engine.Engine | 1848 | [raw sql] ()
2026-08-21 13:46:52,604 | INFO | sqlalchemy.engine.Engine | 2712 | BEGIN (implicit)
2026-08-21 13:46:52,606 | INFO | sqlalchemy.engine.Engine | 1848 | SELECT pg_catalog.pg_class.relname 
FROM pg_catalog.pg_class JOIN pg_catalog.pg_namespace ON pg_catalog.pg_namespace.oid = pg_catalog.pg_class.relnamespace 
WHERE pg_catalog.pg_class.relname = $1::VARCHAR AND pg_catalog.pg_class.relkind = ANY (ARRAY[$2::VARCHAR, $3::VARCHAR, $4::VARCHAR, $5::VARCHAR, $6::VARCHAR]) AND pg_catalog.pg_table_is_visible(pg_catalog.pg_class.oid) AND pg_catalog.pg_namespace.nspname != $7::VARCHAR
2026-08-21 13:46:52,606 | INFO | sqlalchemy.engine.Engine | 1848 | [generated in 0.00043s] ('users', 'r', 'p', 'f', 'v', 'm', 'pg_catalog')
2026-08-21 13:46:52,620 | INFO | sqlalchemy.engine.Engine | 1848 | 
CREATE TABLE users (
	id UUID DEFAULT gen_random_uuid() NOT NULL, 
	email VARCHAR(255) NOT NULL, 
	password VARCHAR(255), 
	username VARCHAR(255) NOT NULL, 
	role TEXT DEFAULT 'user' NOT NULL, 
	is_active BOOLEAN DEFAULT false NOT NULL, 
	created_at TIMESTAMP WITH TIME ZONE DEFAULT now() NOT NULL, 
	updated_at TIMESTAMP WITH TIME ZONE DEFAULT now() NOT NULL, 
	PRIMARY KEY (id)
)


2026-08-21 13:46:52,620 | INFO | sqlalchemy.engine.Engine | 1848 | [no key 0.00035s] ()
2026-08-21 13:46:52,640 | INFO | sqlalchemy.engine.Engine | 1848 | CREATE INDEX ix_users_role ON users (role)
2026-08-21 13:46:52,641 | INFO | sqlalchemy.engine.Engine | 1848 | [no key 0.00040s] ()
2026-08-21 13:46:52,644 | INFO | sqlalchemy.engine.Engine | 1848 | CREATE INDEX ix_users_email ON users (email)
2026-08-21 13:46:52,645 | INFO | sqlalchemy.engine.Engine | 1848 | [no key 0.00044s] ()
2026-08-21 13:46:52,648 | INFO | sqlalchemy.engine.Engine | 2718 | COMMIT
2026-08-21 13:46:52,654 | INFO | sqlalchemy.engine.Engine | 2712 | BEGIN (implicit)
2026-08-21 13:46:52,655 | INFO | sqlalchemy.engine.Engine | 1848 | INSERT INTO users (id, email, password, username, role, is_active, created_at, updated_at) VALUES ($1::UUID, $2::VARCHAR, $3::VARCHAR, $4::VARCHAR, $5::VARCHAR, $6::BOOLEAN, $7::TIMESTAMP WITH TIME ZONE, $8::TIMESTAMP WITH TIME ZONE)
2026-08-21 13:46:52,656 | INFO | sqlalchemy.engine.Engine | 1848 | [generated in 0.00038s] (UUID('f1838f92-9950-4c05-ad95-4773382fb871'), 'testuser@gmail.com', 'hashed-password', 'testuser', <Roles.USER: 'user'>, False, datetime.datetime(2026, 8, 21, 12, 46, 52, 652865, tzinfo=datetime.timezone.utc), datetime.datetime(2026, 8, 21, 12, 46, 52, 652882, tzinfo=datetime.timezone.utc))
2026-08-21 13:46:52,664 | INFO | sqlalchemy.engine.Engine | 2718 | COMMIT
2026-08-21 13:46:52,666 | INFO | sqlalchemy.engine.Engine | 2712 | BEGIN (implicit)
2026-08-21 13:46:52,668 | INFO | sqlalchemy.engine.Engine | 1848 | SELECT users.id, users.email, users.password, users.username, users.role, users.is_active, users.created_at, users.updated_at 
FROM users 
WHERE users.id = $1::UUID
2026-08-21 13:46:52,668 | INFO | sqlalchemy.engine.Engine | 1848 | [generated in 0.00038s] (UUID('f1838f92-9950-4c05-ad95-4773382fb871'),)
2026-08-21 13:46:52,671 | INFO | sqlalchemy.engine.Engine | 1848 | SELECT users.id, users.email, users.password, users.username, users.role, users.is_active, users.created_at, users.updated_at 
FROM users 
WHERE users.email = $1::VARCHAR
2026-08-21 13:46:52,671 | INFO | sqlalchemy.engine.Engine | 1848 | [generated in 0.00036s] ('testuser@gmail.com',)
2026-08-21 13:46:52,675 | INFO | sqlalchemy.engine.Engine | 2715 | ROLLBACK
2026-08-21 13:46:52,677 | INFO | sqlalchemy.engine.Engine | 2712 | BEGIN (implicit)
2026-08-21 13:46:52,678 | INFO | sqlalchemy.engine.Engine | 1848 | SELECT pg_catalog.pg_class.relname 
FROM pg_catalog.pg_class JOIN pg_catalog.pg_namespace ON pg_catalog.pg_namespace.oid = pg_catalog.pg_class.relnamespace 
WHERE pg_catalog.pg_class.relname = $1::VARCHAR AND pg_catalog.pg_class.relkind = ANY (ARRAY[$2::VARCHAR, $3::VARCHAR, $4::VARCHAR, $5::VARCHAR, $6::VARCHAR]) AND pg_catalog.pg_table_is_visible(pg_catalog.pg_class.oid) AND pg_catalog.pg_namespace.nspname != $7::VARCHAR
2026-08-21 13:46:52,678 | INFO | sqlalchemy.engine.Engine | 1848 | [cached since 0.07246s ago] ('users', 'r', 'p', 'f', 'v', 'm', 'pg_catalog')
2026-08-21 13:46:52,680 | INFO | sqlalchemy.engine.Engine | 1848 | 
DROP TABLE users
2026-08-21 13:46:52,681 | INFO | sqlalchemy.engine.Engine | 1848 | [no key 0.00039s] ()
2026-08-21 13:46:52,687 | INFO | sqlalchemy.engine.Engine | 2718 | COMMIT
2026-08-21 13:46:52,960 | INFO | sqlalchemy.engine.Engine | 1848 | select pg_catalog.version()
2026-08-21 13:46:52,961 | INFO | sqlalchemy.engine.Engine | 1848 | [raw sql] ()
2026-08-21 13:46:52,964 | INFO | sqlalchemy.engine.Engine | 1848 | select current_schema()
2026-08-21 13:46:52,964 | INFO | sqlalchemy.engine.Engine | 1848 | [raw sql] ()
2026-08-21 13:46:52,967 | INFO | sqlalchemy.engine.Engine | 1848 | show standard_conforming_strings
2026-08-21 13:46:52,967 | INFO | sqlalchemy.engine.Engine | 1848 | [raw sql] ()
2026-08-21 13:46:52,969 | INFO | sqlalchemy.engine.Engine | 2712 | BEGIN (implicit)
2026-08-21 13:46:52,971 | INFO | sqlalchemy.engine.Engine | 1848 | SELECT pg_catalog.pg_class.relname 
FROM pg_catalog.pg_class JOIN pg_catalog.pg_namespace ON pg_catalog.pg_namespace.oid = pg_catalog.pg_class.relnamespace 
WHERE pg_catalog.pg_class.relname = $1::VARCHAR AND pg_catalog.pg_class.relkind = ANY (ARRAY[$2::VARCHAR, $3::VARCHAR, $4::VARCHAR, $5::VARCHAR, $6::VARCHAR]) AND pg_catalog.pg_table_is_visible(pg_catalog.pg_class.oid) AND pg_catalog.pg_namespace.nspname != $7::VARCHAR
2026-08-21 13:46:52,971 | INFO | sqlalchemy.engine.Engine | 1848 | [generated in 0.00041s] ('users', 'r', 'p', 'f', 'v', 'm', 'pg_catalog')
2026-08-21 13:46:52,984 | INFO | sqlalchemy.engine.Engine | 1848 | 
CREATE TABLE users (
	id UUID DEFAULT gen_random_uuid() NOT NULL, 
	email VARCHAR(255) NOT NULL, 
	password VARCHAR(255), 
	username VARCHAR(255) NOT NULL, 
	role TEXT DEFAULT 'user' NOT NULL, 
	is_active BOOLEAN DEFAULT false NOT NULL, 
	created_at TIMESTAMP WITH TIME ZONE DEFAULT now() NOT NULL, 
	updated_at TIMESTAMP WITH TIME ZONE DEFAULT now() NOT NULL, 
	PRIMARY KEY (id)
)


2026-08-21 13:46:52,985 | INFO | sqlalchemy.engine.Engine | 1848 | [no key 0.00035s] ()
2026-08-21 13:46:53,003 | INFO | sqlalchemy.engine.Engine | 1848 | CREATE INDEX ix_users_role ON users (role)
2026-08-21 13:46:53,004 | INFO | sqlalchemy.engine.Engine | 1848 | [no key 0.00044s] ()
2026-08-21 13:46:53,007 | INFO | sqlalchemy.engine.Engine | 1848 | CREATE INDEX ix_users_email ON users (email)
2026-08-21 13:46:53,008 | INFO | sqlalchemy.engine.Engine | 1848 | [no key 0.00044s] ()
2026-08-21 13:46:53,011 | INFO | sqlalchemy.engine.Engine | 2718 | COMMIT
2026-08-21 13:46:53,125 | INFO | sqlalchemy.engine.Engine | 2712 | BEGIN (implicit)
2026-08-21 13:46:53,126 | INFO | sqlalchemy.engine.Engine | 1848 | INSERT INTO users (id, email, password, username, role, is_active, created_at, updated_at) VALUES ($1::UUID, $2::VARCHAR, $3::VARCHAR, $4::VARCHAR, $5::VARCHAR, $6::BOOLEAN, $7::TIMESTAMP WITH TIME ZONE, $8::TIMESTAMP WITH TIME ZONE)
2026-08-21 13:46:53,127 | INFO | sqlalchemy.engine.Engine | 1848 | [generated in 0.00048s] (UUID('39618f52-43f7-4ce9-890e-be3caa297158'), 'testuser@gmail.com', '$argon2id$v=19$m=65536,t=3,p=4$9tk159nUBQZ29erHfybCXw$PyWoISwqUgNqNGJ2xVM4UHI//ob+tigFqEK2QveXlhk', 'testuser', <Roles.USER: 'user'>, False, datetime.datetime(2026, 8, 21, 12, 46, 53, 123966, tzinfo=datetime.timezone.utc), datetime.datetime(2026, 8, 21, 12, 46, 53, 123983, tzinfo=datetime.timezone.utc))
2026-08-21 13:46:53,133 | INFO | sqlalchemy.engine.Engine | 2718 | COMMIT
2026-08-21 13:46:53,136 | INFO | sqlalchemy.engine.Engine | 2712 | BEGIN (implicit)
2026-08-21 13:46:53,137 | INFO | sqlalchemy.engine.Engine | 1848 | SELECT users.id, users.email, users.password, users.username, users.role, users.is_active, users.created_at, users.updated_at 
FROM users 
WHERE users.id = $1::UUID
2026-08-21 13:46:53,137 | INFO | sqlalchemy.engine.Engine | 1848 | [generated in 0.00037s] (UUID('39618f52-43f7-4ce9-890e-be3caa297158'),)
2026-08-21 13:46:53,141 | INFO | sqlalchemy.engine.Engine | 2715 | ROLLBACK
2026-08-21 13:46:53,144 | INFO | sqlalchemy.engine.Engine | 2712 | BEGIN (implicit)
2026-08-21 13:46:53,144 | INFO | sqlalchemy.engine.Engine | 1848 | SELECT pg_catalog.pg_class.relname 
FROM pg_catalog.pg_class JOIN pg_catalog.pg_namespace ON pg_catalog.pg_namespace.oid = pg_catalog.pg_class.relnamespace 
WHERE pg_catalog.pg_class.relname = $1::VARCHAR AND pg_catalog.pg_class.relkind = ANY (ARRAY[$2::VARCHAR, $3::VARCHAR, $4::VARCHAR, $5::VARCHAR, $6::VARCHAR]) AND pg_catalog.pg_table_is_visible(pg_catalog.pg_class.oid) AND pg_catalog.pg_namespace.nspname != $7::VARCHAR
2026-08-21 13:46:53,145 | INFO | sqlalchemy.engine.Engine | 1848 | [cached since 0.1743s ago] ('users', 'r', 'p', 'f', 'v', 'm', 'pg_catalog')
2026-08-21 13:46:53,147 | INFO | sqlalchemy.engine.Engine | 1848 | 
DROP TABLE users
2026-08-21 13:46:53,148 | INFO | sqlalchemy.engine.Engine | 1848 | [no key 0.00049s] ()
2026-08-21 13:46:53,155 | INFO | sqlalchemy.engine.Engine | 2718 | COMMIT
2026-08-21 13:46:53,303 | INFO | sqlalchemy.engine.Engine | 1848 | select pg_catalog.version()
2026-08-21 13:46:53,303 | INFO | sqlalchemy.engine.Engine | 1848 | [raw sql] ()
2026-08-21 13:46:53,306 | INFO | sqlalchemy.engine.Engine | 1848 | select current_schema()
2026-08-21 13:46:53,307 | INFO | sqlalchemy.engine.Engine | 1848 | [raw sql] ()
2026-08-21 13:46:53,309 | INFO | sqlalchemy.engine.Engine | 1848 | show standard_conforming_strings
2026-08-21 13:46:53,309 | INFO | sqlalchemy.engine.Engine | 1848 | [raw sql] ()
2026-08-21 13:46:53,310 | INFO | sqlalchemy.engine.Engine | 2712 | BEGIN (implicit)
2026-08-21 13:46:53,312 | INFO | sqlalchemy.engine.Engine | 1848 | SELECT pg_catalog.pg_class.relname 
FROM pg_catalog.pg_class JOIN pg_catalog.pg_namespace ON pg_catalog.pg_namespace.oid = pg_catalog.pg_class.relnamespace 
WHERE pg_catalog.pg_class.relname = $1::VARCHAR AND pg_catalog.pg_class.relkind = ANY (ARRAY[$2::VARCHAR, $3::VARCHAR, $4::VARCHAR, $5::VARCHAR, $6::VARCHAR]) AND pg_catalog.pg_table_is_visible(pg_catalog.pg_class.oid) AND pg_catalog.pg_namespace.nspname != $7::VARCHAR
2026-08-21 13:46:53,313 | INFO | sqlalchemy.engine.Engine | 1848 | [generated in 0.00038s] ('users', 'r', 'p', 'f', 'v', 'm', 'pg_catalog')
2026-08-21 13:46:53,326 | INFO | sqlalchemy.engine.Engine | 1848 | 
CREATE TABLE users (
	id UUID DEFAULT gen_random_uuid() NOT NULL, 
	email VARCHAR(255) NOT NULL, 
	password VARCHAR(255), 
	username VARCHAR(255) NOT NULL, 
	role TEXT DEFAULT 'user' NOT NULL, 
	is_active BOOLEAN DEFAULT false NOT NULL, 
	created_at TIMESTAMP WITH TIME ZONE DEFAULT now() NOT NULL, 
	updated_at TIMESTAMP WITH TIME ZONE DEFAULT now() NOT NULL, 
	PRIMARY KEY (id)
)


2026-08-21 13:46:53,326 | INFO | sqlalchemy.engine.Engine | 1848 | [no key 0.00034s] ()
2026-08-21 13:46:53,344 | INFO | sqlalchemy.engine.Engine | 1848 | CREATE INDEX ix_users_role ON users (role)
2026-08-21 13:46:53,345 | INFO | sqlalchemy.engine.Engine | 1848 | [no key 0.00048s] ()
2026-08-21 13:46:53,348 | INFO | sqlalchemy.engine.Engine | 1848 | CREATE INDEX ix_users_email ON users (email)
2026-08-21 13:46:53,349 | INFO | sqlalchemy.engine.Engine | 1848 | [no key 0.00056s] ()
2026-08-21 13:46:53,352 | INFO | sqlalchemy.engine.Engine | 2718 | COMMIT
2026-08-21 13:46:53,359 | INFO | sqlalchemy.engine.Engine | 2712 | BEGIN (implicit)
2026-08-21 13:46:53,360 | INFO | sqlalchemy.engine.Engine | 1848 | INSERT INTO users (id, email, password, username, role, is_active, created_at, updated_at) VALUES ($1::UUID, $2::VARCHAR, $3::VARCHAR, $4::VARCHAR, $5::VARCHAR, $6::BOOLEAN, $7::TIMESTAMP WITH TIME ZONE, $8::TIMESTAMP WITH TIME ZONE)
2026-08-21 13:46:53,360 | INFO | sqlalchemy.engine.Engine | 1848 | [generated in 0.00036s] (UUID('de072c5d-64a3-4bf0-8dd0-fd2afc4bd699'), 'testuser@gmail.com', 'hashed-password', 'testuser', <Roles.USER: 'user'>, False, datetime.datetime(2026, 8, 21, 12, 46, 53, 357638, tzinfo=datetime.timezone.utc), datetime.datetime(2026, 8, 21, 12, 46, 53, 357658, tzinfo=datetime.timezone.utc))
2026-08-21 13:46:53,367 | INFO | sqlalchemy.engine.Engine | 2718 | COMMIT
2026-08-21 13:46:53,370 | INFO | sqlalchemy.engine.Engine | 2712 | BEGIN (implicit)
2026-08-21 13:46:53,371 | INFO | sqlalchemy.engine.Engine | 1848 | SELECT users.id, users.email, users.password, users.username, users.role, users.is_active, users.created_at, users.updated_at 
FROM users 
WHERE users.id = $1::UUID
2026-08-21 13:46:53,372 | INFO | sqlalchemy.engine.Engine | 1848 | [generated in 0.00033s] (UUID('de072c5d-64a3-4bf0-8dd0-fd2afc4bd699'),)
2026-08-21 13:46:53,375 | INFO | sqlalchemy.engine.Engine | 1848 | SELECT users.id, users.email, users.password, users.username, users.role, users.is_active, users.created_at, users.updated_at 
FROM users 
WHERE users.id = $1::UUID
2026-08-21 13:46:53,375 | INFO | sqlalchemy.engine.Engine | 1848 | [generated in 0.00039s] (UUID('de072c5d-64a3-4bf0-8dd0-fd2afc4bd699'),)
2026-08-21 13:46:53,378 | INFO | sqlalchemy.engine.Engine | 1848 | UPDATE users SET username=$1::VARCHAR, updated_at=now() WHERE users.id = $2::UUID
2026-08-21 13:46:53,378 | INFO | sqlalchemy.engine.Engine | 1848 | [generated in 0.00036s] ('marvelous', UUID('de072c5d-64a3-4bf0-8dd0-fd2afc4bd699'))
2026-08-21 13:46:53,380 | INFO | sqlalchemy.engine.Engine | 2718 | COMMIT
2026-08-21 13:46:53,382 | INFO | sqlalchemy.engine.Engine | 2712 | BEGIN (implicit)
2026-08-21 13:46:53,383 | INFO | sqlalchemy.engine.Engine | 1848 | SELECT users.id, users.email, users.password, users.username, users.role, users.is_active, users.created_at, users.updated_at 
FROM users 
WHERE users.id = $1::UUID
2026-08-21 13:46:53,383 | INFO | sqlalchemy.engine.Engine | 1848 | [cached since 0.01174s ago] (UUID('de072c5d-64a3-4bf0-8dd0-fd2afc4bd699'),)
2026-08-21 13:46:53,386 | INFO | sqlalchemy.engine.Engine | 2715 | ROLLBACK
2026-08-21 13:46:53,388 | INFO | sqlalchemy.engine.Engine | 2712 | BEGIN (implicit)
2026-08-21 13:46:53,389 | INFO | sqlalchemy.engine.Engine | 1848 | SELECT pg_catalog.pg_class.relname 
FROM pg_catalog.pg_class JOIN pg_catalog.pg_namespace ON pg_catalog.pg_namespace.oid = pg_catalog.pg_class.relnamespace 
WHERE pg_catalog.pg_class.relname = $1::VARCHAR AND pg_catalog.pg_class.relkind = ANY (ARRAY[$2::VARCHAR, $3::VARCHAR, $4::VARCHAR, $5::VARCHAR, $6::VARCHAR]) AND pg_catalog.pg_table_is_visible(pg_catalog.pg_class.oid) AND pg_catalog.pg_namespace.nspname != $7::VARCHAR
2026-08-21 13:46:53,389 | INFO | sqlalchemy.engine.Engine | 1848 | [cached since 0.07696s ago] ('users', 'r', 'p', 'f', 'v', 'm', 'pg_catalog')
2026-08-21 13:46:53,391 | INFO | sqlalchemy.engine.Engine | 1848 | 
DROP TABLE users
2026-08-21 13:46:53,392 | INFO | sqlalchemy.engine.Engine | 1848 | [no key 0.00033s] ()
2026-08-21 13:46:53,398 | INFO | sqlalchemy.engine.Engine | 2718 | COMMIT
2026-08-21 13:46:53,548 | INFO | sqlalchemy.engine.Engine | 1848 | select pg_catalog.version()
2026-08-21 13:46:53,549 | INFO | sqlalchemy.engine.Engine | 1848 | [raw sql] ()
2026-08-21 13:46:53,552 | INFO | sqlalchemy.engine.Engine | 1848 | select current_schema()
2026-08-21 13:46:53,552 | INFO | sqlalchemy.engine.Engine | 1848 | [raw sql] ()
2026-08-21 13:46:53,555 | INFO | sqlalchemy.engine.Engine | 1848 | show standard_conforming_strings
2026-08-21 13:46:53,555 | INFO | sqlalchemy.engine.Engine | 1848 | [raw sql] ()
2026-08-21 13:46:53,556 | INFO | sqlalchemy.engine.Engine | 2712 | BEGIN (implicit)
2026-08-21 13:46:53,558 | INFO | sqlalchemy.engine.Engine | 1848 | SELECT pg_catalog.pg_class.relname 
FROM pg_catalog.pg_class JOIN pg_catalog.pg_namespace ON pg_catalog.pg_namespace.oid = pg_catalog.pg_class.relnamespace 
WHERE pg_catalog.pg_class.relname = $1::VARCHAR AND pg_catalog.pg_class.relkind = ANY (ARRAY[$2::VARCHAR, $3::VARCHAR, $4::VARCHAR, $5::VARCHAR, $6::VARCHAR]) AND pg_catalog.pg_table_is_visible(pg_catalog.pg_class.oid) AND pg_catalog.pg_namespace.nspname != $7::VARCHAR
2026-08-21 13:46:53,559 | INFO | sqlalchemy.engine.Engine | 1848 | [generated in 0.00040s] ('users', 'r', 'p', 'f', 'v', 'm', 'pg_catalog')
2026-08-21 13:46:53,571 | INFO | sqlalchemy.engine.Engine | 1848 | 
CREATE TABLE users (
	id UUID DEFAULT gen_random_uuid() NOT NULL, 
	email VARCHAR(255) NOT NULL, 
	password VARCHAR(255), 
	username VARCHAR(255) NOT NULL, 
	role TEXT DEFAULT 'user' NOT NULL, 
	is_active BOOLEAN DEFAULT false NOT NULL, 
	created_at TIMESTAMP WITH TIME ZONE DEFAULT now() NOT NULL, 
	updated_at TIMESTAMP WITH TIME ZONE DEFAULT now() NOT NULL, 
	PRIMARY KEY (id)
)


2026-08-21 13:46:53,572 | INFO | sqlalchemy.engine.Engine | 1848 | [no key 0.00040s] ()
2026-08-21 13:46:53,589 | INFO | sqlalchemy.engine.Engine | 1848 | CREATE INDEX ix_users_role ON users (role)
2026-08-21 13:46:53,589 | INFO | sqlalchemy.engine.Engine | 1848 | [no key 0.00047s] ()
2026-08-21 13:46:53,592 | INFO | sqlalchemy.engine.Engine | 1848 | CREATE INDEX ix_users_email ON users (email)
2026-08-21 13:46:53,593 | INFO | sqlalchemy.engine.Engine | 1848 | [no key 0.00047s] ()
2026-08-21 13:46:53,596 | INFO | sqlalchemy.engine.Engine | 2718 | COMMIT
2026-08-21 13:46:53,602 | INFO | sqlalchemy.engine.Engine | 2712 | BEGIN (implicit)
2026-08-21 13:46:53,603 | INFO | sqlalchemy.engine.Engine | 1848 | INSERT INTO users (id, email, password, username, role, is_active, created_at, updated_at) VALUES ($1::UUID, $2::VARCHAR, $3::VARCHAR, $4::VARCHAR, $5::VARCHAR, $6::BOOLEAN, $7::TIMESTAMP WITH TIME ZONE, $8::TIMESTAMP WITH TIME ZONE)
2026-08-21 13:46:53,603 | INFO | sqlalchemy.engine.Engine | 1848 | [generated in 0.00039s] (UUID('837ae2a2-0368-4a80-ba95-83be4e76b2a1'), 'testuser@gmail.com', 'hashed-password', 'testuser', <Roles.USER: 'user'>, False, datetime.datetime(2026, 8, 21, 12, 46, 53, 600737, tzinfo=datetime.timezone.utc), datetime.datetime(2026, 8, 21, 12, 46, 53, 600757, tzinfo=datetime.timezone.utc))
2026-08-21 13:46:53,610 | INFO | sqlalchemy.engine.Engine | 2718 | COMMIT
2026-08-21 13:46:53,612 | INFO | sqlalchemy.engine.Engine | 2712 | BEGIN (implicit)
2026-08-21 13:46:53,613 | INFO | sqlalchemy.engine.Engine | 1848 | SELECT users.id, users.email, users.password, users.username, users.role, users.is_active, users.created_at, users.updated_at 
FROM users 
WHERE users.id = $1::UUID
2026-08-21 13:46:53,613 | INFO | sqlalchemy.engine.Engine | 1848 | [generated in 0.00031s] (UUID('837ae2a2-0368-4a80-ba95-83be4e76b2a1'),)
2026-08-21 13:46:53,616 | INFO | sqlalchemy.engine.Engine | 1848 | SELECT users.id, users.email, users.password, users.username, users.role, users.is_active, users.created_at, users.updated_at 
FROM users 
WHERE users.id = $1::UUID
2026-08-21 13:46:53,616 | INFO | sqlalchemy.engine.Engine | 1848 | [generated in 0.00038s] (UUID('837ae2a2-0368-4a80-ba95-83be4e76b2a1'),)
2026-08-21 13:46:53,618 | INFO | sqlalchemy.engine.Engine | 1848 | DELETE FROM users WHERE users.id = $1::UUID
2026-08-21 13:46:53,619 | INFO | sqlalchemy.engine.Engine | 1848 | [generated in 0.00037s] (UUID('837ae2a2-0368-4a80-ba95-83be4e76b2a1'),)
2026-08-21 13:46:53,620 | INFO | sqlalchemy.engine.Engine | 2718 | COMMIT
2026-08-21 13:46:53,622 | INFO | sqlalchemy.engine.Engine | 2712 | BEGIN (implicit)
2026-08-21 13:46:53,623 | INFO | sqlalchemy.engine.Engine | 1848 | SELECT users.id, users.email, users.password, users.username, users.role, users.is_active, users.created_at, users.updated_at 
FROM users 
WHERE users.id = $1::UUID
2026-08-21 13:46:53,623 | INFO | sqlalchemy.engine.Engine | 1848 | [cached since 0.007271s ago] (UUID('837ae2a2-0368-4a80-ba95-83be4e76b2a1'),)
2026-08-21 13:46:53,626 | INFO | sqlalchemy.engine.Engine | 2715 | ROLLBACK
2026-08-21 13:46:53,628 | INFO | sqlalchemy.engine.Engine | 2712 | BEGIN (implicit)
2026-08-21 13:46:53,628 | INFO | sqlalchemy.engine.Engine | 1848 | SELECT pg_catalog.pg_class.relname 
FROM pg_catalog.pg_class JOIN pg_catalog.pg_namespace ON pg_catalog.pg_namespace.oid = pg_catalog.pg_class.relnamespace 
WHERE pg_catalog.pg_class.relname = $1::VARCHAR AND pg_catalog.pg_class.relkind = ANY (ARRAY[$2::VARCHAR, $3::VARCHAR, $4::VARCHAR, $5::VARCHAR, $6::VARCHAR]) AND pg_catalog.pg_table_is_visible(pg_catalog.pg_class.oid) AND pg_catalog.pg_namespace.nspname != $7::VARCHAR
2026-08-21 13:46:53,628 | INFO | sqlalchemy.engine.Engine | 1848 | [cached since 0.06997s ago] ('users', 'r', 'p', 'f', 'v', 'm', 'pg_catalog')
2026-08-21 13:46:53,630 | INFO | sqlalchemy.engine.Engine | 1848 | 
DROP TABLE users
2026-08-21 13:46:53,630 | INFO | sqlalchemy.engine.Engine | 1848 | [no key 0.00030s] ()
2026-08-21 13:46:53,638 | INFO | sqlalchemy.engine.Engine | 2718 | COMMIT
2026-08-21 13:48:51,728 | INFO | sqlalchemy.engine.Engine | 1848 | select pg_catalog.version()
2026-08-21 13:48:51,728 | INFO | sqlalchemy.engine.Engine | 1848 | [raw sql] ()
2026-08-21 13:48:51,732 | INFO | sqlalchemy.engine.Engine | 1848 | select current_schema()
2026-08-21 13:48:51,733 | INFO | sqlalchemy.engine.Engine | 1848 | [raw sql] ()
2026-08-21 13:48:51,736 | INFO | sqlalchemy.engine.Engine | 1848 | show standard_conforming_strings
2026-08-21 13:48:51,736 | INFO | sqlalchemy.engine.Engine | 1848 | [raw sql] ()
2026-08-21 13:48:51,738 | INFO | sqlalchemy.engine.Engine | 2712 | BEGIN (implicit)
2026-08-21 13:48:51,743 | INFO | sqlalchemy.engine.Engine | 1848 | SELECT pg_catalog.pg_class.relname 
FROM pg_catalog.pg_class JOIN pg_catalog.pg_namespace ON pg_catalog.pg_namespace.oid = pg_catalog.pg_class.relnamespace 
WHERE pg_catalog.pg_class.relname = $1::VARCHAR AND pg_catalog.pg_class.relkind = ANY (ARRAY[$2::VARCHAR, $3::VARCHAR, $4::VARCHAR, $5::VARCHAR, $6::VARCHAR]) AND pg_catalog.pg_table_is_visible(pg_catalog.pg_class.oid) AND pg_catalog.pg_namespace.nspname != $7::VARCHAR
2026-08-21 13:48:51,743 | INFO | sqlalchemy.engine.Engine | 1848 | [generated in 0.00050s] ('users', 'r', 'p', 'f', 'v', 'm', 'pg_catalog')
2026-08-21 13:48:51,756 | INFO | sqlalchemy.engine.Engine | 1848 | 
CREATE TABLE users (
	id UUID DEFAULT gen_random_uuid() NOT NULL, 
	email VARCHAR(255) NOT NULL, 
	password VARCHAR(255), 
	username VARCHAR(255) NOT NULL, 
	role TEXT DEFAULT 'user' NOT NULL, 
	is_active BOOLEAN DEFAULT false NOT NULL, 
	created_at TIMESTAMP WITH TIME ZONE DEFAULT now() NOT NULL, 
	updated_at TIMESTAMP WITH TIME ZONE DEFAULT now() NOT NULL, 
	PRIMARY KEY (id)
)


2026-08-21 13:48:51,757 | INFO | sqlalchemy.engine.Engine | 1848 | [no key 0.00033s] ()
2026-08-21 13:48:51,775 | INFO | sqlalchemy.engine.Engine | 1848 | CREATE INDEX ix_users_role ON users (role)
2026-08-21 13:48:51,775 | INFO | sqlalchemy.engine.Engine | 1848 | [no key 0.00047s] ()
2026-08-21 13:48:51,779 | INFO | sqlalchemy.engine.Engine | 1848 | CREATE INDEX ix_users_email ON users (email)
2026-08-21 13:48:51,779 | INFO | sqlalchemy.engine.Engine | 1848 | [no key 0.00049s] ()
2026-08-21 13:48:51,783 | INFO | sqlalchemy.engine.Engine | 2718 | COMMIT
2026-08-21 13:48:51,791 | INFO | sqlalchemy.engine.Engine | 2712 | BEGIN (implicit)
2026-08-21 13:48:51,793 | INFO | sqlalchemy.engine.Engine | 1848 | INSERT INTO users (id, email, password, username, role, is_active, created_at, updated_at) VALUES ($1::UUID, $2::VARCHAR, $3::VARCHAR, $4::VARCHAR, $5::VARCHAR, $6::BOOLEAN, $7::TIMESTAMP WITH TIME ZONE, $8::TIMESTAMP WITH TIME ZONE)
2026-08-21 13:48:51,793 | INFO | sqlalchemy.engine.Engine | 1848 | [generated in 0.00043s] (UUID('67be6f48-117b-4cfc-b6e3-fd75f973ca64'), 'testuser@gmail.com', 'hashed_password', 'testuser', <Roles.USER: 'user'>, False, datetime.datetime(2026, 8, 21, 12, 48, 51, 789201, tzinfo=datetime.timezone.utc), datetime.datetime(2026, 8, 21, 12, 48, 51, 789224, tzinfo=datetime.timezone.utc))
2026-08-21 13:48:51,801 | INFO | sqlalchemy.engine.Engine | 2718 | COMMIT
2026-08-21 13:48:51,804 | INFO | sqlalchemy.engine.Engine | 2712 | BEGIN (implicit)
2026-08-21 13:48:51,806 | INFO | sqlalchemy.engine.Engine | 1848 | SELECT users.id, users.email, users.password, users.username, users.role, users.is_active, users.created_at, users.updated_at 
FROM users 
WHERE users.id = $1::UUID
2026-08-21 13:48:51,806 | INFO | sqlalchemy.engine.Engine | 1848 | [generated in 0.00039s] (UUID('67be6f48-117b-4cfc-b6e3-fd75f973ca64'),)
2026-08-21 13:48:51,809 | INFO | sqlalchemy.engine.Engine | 1848 | SELECT users.id, users.email, users.password, users.username, users.role, users.is_active, users.created_at, users.updated_at 
FROM users 
WHERE users.id = $1::UUID
2026-08-21 13:48:51,810 | INFO | sqlalchemy.engine.Engine | 1848 | [generated in 0.00041s] (UUID('67be6f48-117b-4cfc-b6e3-fd75f973ca64'),)
2026-08-21 13:48:51,813 | INFO | sqlalchemy.engine.Engine | 2715 | ROLLBACK
2026-08-21 13:48:51,815 | INFO | sqlalchemy.engine.Engine | 2712 | BEGIN (implicit)
2026-08-21 13:48:51,816 | INFO | sqlalchemy.engine.Engine | 1848 | SELECT pg_catalog.pg_class.relname 
FROM pg_catalog.pg_class JOIN pg_catalog.pg_namespace ON pg_catalog.pg_namespace.oid = pg_catalog.pg_class.relnamespace 
WHERE pg_catalog.pg_class.relname = $1::VARCHAR AND pg_catalog.pg_class.relkind = ANY (ARRAY[$2::VARCHAR, $3::VARCHAR, $4::VARCHAR, $5::VARCHAR, $6::VARCHAR]) AND pg_catalog.pg_table_is_visible(pg_catalog.pg_class.oid) AND pg_catalog.pg_namespace.nspname != $7::VARCHAR
2026-08-21 13:48:51,816 | INFO | sqlalchemy.engine.Engine | 1848 | [cached since 0.07363s ago] ('users', 'r', 'p', 'f', 'v', 'm', 'pg_catalog')
2026-08-21 13:48:51,818 | INFO | sqlalchemy.engine.Engine | 1848 | 
DROP TABLE users
2026-08-21 13:48:51,818 | INFO | sqlalchemy.engine.Engine | 1848 | [no key 0.00035s] ()
2026-08-21 13:48:51,824 | INFO | sqlalchemy.engine.Engine | 2718 | COMMIT
2026-08-21 13:48:51,967 | INFO | sqlalchemy.engine.Engine | 1848 | select pg_catalog.version()
2026-08-21 13:48:51,967 | INFO | sqlalchemy.engine.Engine | 1848 | [raw sql] ()
2026-08-21 13:48:51,971 | INFO | sqlalchemy.engine.Engine | 1848 | select current_schema()
2026-08-21 13:48:51,971 | INFO | sqlalchemy.engine.Engine | 1848 | [raw sql] ()
2026-08-21 13:48:51,973 | INFO | sqlalchemy.engine.Engine | 1848 | show standard_conforming_strings
2026-08-21 13:48:51,973 | INFO | sqlalchemy.engine.Engine | 1848 | [raw sql] ()
2026-08-21 13:48:51,975 | INFO | sqlalchemy.engine.Engine | 2712 | BEGIN (implicit)
2026-08-21 13:48:51,977 | INFO | sqlalchemy.engine.Engine | 1848 | SELECT pg_catalog.pg_class.relname 
FROM pg_catalog.pg_class JOIN pg_catalog.pg_namespace ON pg_catalog.pg_namespace.oid = pg_catalog.pg_class.relnamespace 
WHERE pg_catalog.pg_class.relname = $1::VARCHAR AND pg_catalog.pg_class.relkind = ANY (ARRAY[$2::VARCHAR, $3::VARCHAR, $4::VARCHAR, $5::VARCHAR, $6::VARCHAR]) AND pg_catalog.pg_table_is_visible(pg_catalog.pg_class.oid) AND pg_catalog.pg_namespace.nspname != $7::VARCHAR
2026-08-21 13:48:51,978 | INFO | sqlalchemy.engine.Engine | 1848 | [generated in 0.00043s] ('users', 'r', 'p', 'f', 'v', 'm', 'pg_catalog')
2026-08-21 13:48:51,991 | INFO | sqlalchemy.engine.Engine | 1848 | 
CREATE TABLE users (
	id UUID DEFAULT gen_random_uuid() NOT NULL, 
	email VARCHAR(255) NOT NULL, 
	password VARCHAR(255), 
	username VARCHAR(255) NOT NULL, 
	role TEXT DEFAULT 'user' NOT NULL, 
	is_active BOOLEAN DEFAULT false NOT NULL, 
	created_at TIMESTAMP WITH TIME ZONE DEFAULT now() NOT NULL, 
	updated_at TIMESTAMP WITH TIME ZONE DEFAULT now() NOT NULL, 
	PRIMARY KEY (id)
)


2026-08-21 13:48:51,992 | INFO | sqlalchemy.engine.Engine | 1848 | [no key 0.00032s] ()
2026-08-21 13:48:52,010 | INFO | sqlalchemy.engine.Engine | 1848 | CREATE INDEX ix_users_role ON users (role)
2026-08-21 13:48:52,011 | INFO | sqlalchemy.engine.Engine | 1848 | [no key 0.00045s] ()
2026-08-21 13:48:52,014 | INFO | sqlalchemy.engine.Engine | 1848 | CREATE INDEX ix_users_email ON users (email)
2026-08-21 13:48:52,015 | INFO | sqlalchemy.engine.Engine | 1848 | [no key 0.00049s] ()
2026-08-21 13:48:52,018 | INFO | sqlalchemy.engine.Engine | 2718 | COMMIT
2026-08-21 13:48:52,024 | INFO | sqlalchemy.engine.Engine | 2712 | BEGIN (implicit)
2026-08-21 13:48:52,026 | INFO | sqlalchemy.engine.Engine | 1848 | INSERT INTO users (id, email, password, username, role, is_active, created_at, updated_at) VALUES ($1::UUID, $2::VARCHAR, $3::VARCHAR, $4::VARCHAR, $5::VARCHAR, $6::BOOLEAN, $7::TIMESTAMP WITH TIME ZONE, $8::TIMESTAMP WITH TIME ZONE)
2026-08-21 13:48:52,026 | INFO | sqlalchemy.engine.Engine | 1848 | [generated in 0.00041s] (UUID('4643ee5f-0ed9-4d26-ab3d-250c926c4e51'), 'testuser@gmail.com', 'hashed-password', 'testuser', <Roles.USER: 'user'>, False, datetime.datetime(2026, 8, 21, 12, 48, 52, 23133, tzinfo=datetime.timezone.utc), datetime.datetime(2026, 8, 21, 12, 48, 52, 23152, tzinfo=datetime.timezone.utc))
2026-08-21 13:48:52,035 | INFO | sqlalchemy.engine.Engine | 2718 | COMMIT
2026-08-21 13:48:52,037 | INFO | sqlalchemy.engine.Engine | 2712 | BEGIN (implicit)
2026-08-21 13:48:52,038 | INFO | sqlalchemy.engine.Engine | 1848 | SELECT users.id, users.email, users.password, users.username, users.role, users.is_active, users.created_at, users.updated_at 
FROM users 
WHERE users.id = $1::UUID
2026-08-21 13:48:52,039 | INFO | sqlalchemy.engine.Engine | 1848 | [generated in 0.00034s] (UUID('4643ee5f-0ed9-4d26-ab3d-250c926c4e51'),)
2026-08-21 13:48:52,042 | INFO | sqlalchemy.engine.Engine | 1848 | SELECT users.id, users.email, users.password, users.username, users.role, users.is_active, users.created_at, users.updated_at 
FROM users 
WHERE users.email = $1::VARCHAR
2026-08-21 13:48:52,042 | INFO | sqlalchemy.engine.Engine | 1848 | [generated in 0.00040s] ('testuser@gmail.com',)
2026-08-21 13:48:52,046 | INFO | sqlalchemy.engine.Engine | 2715 | ROLLBACK
2026-08-21 13:48:52,048 | INFO | sqlalchemy.engine.Engine | 2712 | BEGIN (implicit)
2026-08-21 13:48:52,049 | INFO | sqlalchemy.engine.Engine | 1848 | SELECT pg_catalog.pg_class.relname 
FROM pg_catalog.pg_class JOIN pg_catalog.pg_namespace ON pg_catalog.pg_namespace.oid = pg_catalog.pg_class.relnamespace 
WHERE pg_catalog.pg_class.relname = $1::VARCHAR AND pg_catalog.pg_class.relkind = ANY (ARRAY[$2::VARCHAR, $3::VARCHAR, $4::VARCHAR, $5::VARCHAR, $6::VARCHAR]) AND pg_catalog.pg_table_is_visible(pg_catalog.pg_class.oid) AND pg_catalog.pg_namespace.nspname != $7::VARCHAR
2026-08-21 13:48:52,049 | INFO | sqlalchemy.engine.Engine | 1848 | [cached since 0.07182s ago] ('users', 'r', 'p', 'f', 'v', 'm', 'pg_catalog')
2026-08-21 13:48:52,051 | INFO | sqlalchemy.engine.Engine | 1848 | 
DROP TABLE users
2026-08-21 13:48:52,052 | INFO | sqlalchemy.engine.Engine | 1848 | [no key 0.00031s] ()
2026-08-21 13:48:52,057 | INFO | sqlalchemy.engine.Engine | 2718 | COMMIT
2026-08-21 13:48:52,202 | INFO | sqlalchemy.engine.Engine | 1848 | select pg_catalog.version()
2026-08-21 13:48:52,203 | INFO | sqlalchemy.engine.Engine | 1848 | [raw sql] ()
2026-08-21 13:48:52,206 | INFO | sqlalchemy.engine.Engine | 1848 | select current_schema()
2026-08-21 13:48:52,206 | INFO | sqlalchemy.engine.Engine | 1848 | [raw sql] ()
2026-08-21 13:48:52,208 | INFO | sqlalchemy.engine.Engine | 1848 | show standard_conforming_strings
2026-08-21 13:48:52,209 | INFO | sqlalchemy.engine.Engine | 1848 | [raw sql] ()
2026-08-21 13:48:52,210 | INFO | sqlalchemy.engine.Engine | 2712 | BEGIN (implicit)
2026-08-21 13:48:52,212 | INFO | sqlalchemy.engine.Engine | 1848 | SELECT pg_catalog.pg_class.relname 
FROM pg_catalog.pg_class JOIN pg_catalog.pg_namespace ON pg_catalog.pg_namespace.oid = pg_catalog.pg_class.relnamespace 
WHERE pg_catalog.pg_class.relname = $1::VARCHAR AND pg_catalog.pg_class.relkind = ANY (ARRAY[$2::VARCHAR, $3::VARCHAR, $4::VARCHAR, $5::VARCHAR, $6::VARCHAR]) AND pg_catalog.pg_table_is_visible(pg_catalog.pg_class.oid) AND pg_catalog.pg_namespace.nspname != $7::VARCHAR
2026-08-21 13:48:52,212 | INFO | sqlalchemy.engine.Engine | 1848 | [generated in 0.00039s] ('users', 'r', 'p', 'f', 'v', 'm', 'pg_catalog')
2026-08-21 13:48:52,225 | INFO | sqlalchemy.engine.Engine | 1848 | 
CREATE TABLE users (
	id UUID DEFAULT gen_random_uuid() NOT NULL, 
	email VARCHAR(255) NOT NULL, 
	password VARCHAR(255), 
	username VARCHAR(255) NOT NULL, 
	role TEXT DEFAULT 'user' NOT NULL, 
	is_active BOOLEAN DEFAULT false NOT NULL, 
	created_at TIMESTAMP WITH TIME ZONE DEFAULT now() NOT NULL, 
	updated_at TIMESTAMP WITH TIME ZONE DEFAULT now() NOT NULL, 
	PRIMARY KEY (id)
)


2026-08-21 13:48:52,226 | INFO | sqlalchemy.engine.Engine | 1848 | [no key 0.00037s] ()
2026-08-21 13:48:52,247 | INFO | sqlalchemy.engine.Engine | 1848 | CREATE INDEX ix_users_role ON users (role)
2026-08-21 13:48:52,248 | INFO | sqlalchemy.engine.Engine | 1848 | [no key 0.00043s] ()
2026-08-21 13:48:52,251 | INFO | sqlalchemy.engine.Engine | 1848 | CREATE INDEX ix_users_email ON users (email)
2026-08-21 13:48:52,251 | INFO | sqlalchemy.engine.Engine | 1848 | [no key 0.00055s] ()
2026-08-21 13:48:52,255 | INFO | sqlalchemy.engine.Engine | 2718 | COMMIT
2026-08-21 13:48:52,367 | INFO | sqlalchemy.engine.Engine | 2712 | BEGIN (implicit)
2026-08-21 13:48:52,368 | INFO | sqlalchemy.engine.Engine | 1848 | INSERT INTO users (id, email, password, username, role, is_active, created_at, updated_at) VALUES ($1::UUID, $2::VARCHAR, $3::VARCHAR, $4::VARCHAR, $5::VARCHAR, $6::BOOLEAN, $7::TIMESTAMP WITH TIME ZONE, $8::TIMESTAMP WITH TIME ZONE)
2026-08-21 13:48:52,368 | INFO | sqlalchemy.engine.Engine | 1848 | [generated in 0.00038s] (UUID('fb76e42f-644a-4073-9429-422be5a566c3'), 'testuser@gmail.com', '$argon2id$v=19$m=65536,t=3,p=4$FriJrc6PxvqbsiUS5h1gaA$gikb1LAFgmeHgEGEEMFbgrMlV0dFk1wpU+rz5vTZxhg', 'testuser', <Roles.USER: 'user'>, False, datetime.datetime(2026, 8, 21, 12, 48, 52, 366178, tzinfo=datetime.timezone.utc), datetime.datetime(2026, 8, 21, 12, 48, 52, 366195, tzinfo=datetime.timezone.utc))
2026-08-21 13:48:52,375 | INFO | sqlalchemy.engine.Engine | 2718 | COMMIT
2026-08-21 13:48:52,377 | INFO | sqlalchemy.engine.Engine | 2712 | BEGIN (implicit)
2026-08-21 13:48:52,379 | INFO | sqlalchemy.engine.Engine | 1848 | SELECT users.id, users.email, users.password, users.username, users.role, users.is_active, users.created_at, users.updated_at 
FROM users 
WHERE users.id = $1::UUID
2026-08-21 13:48:52,379 | INFO | sqlalchemy.engine.Engine | 1848 | [generated in 0.00033s] (UUID('fb76e42f-644a-4073-9429-422be5a566c3'),)
2026-08-21 13:48:52,382 | INFO | sqlalchemy.engine.Engine | 2715 | ROLLBACK
2026-08-21 13:48:52,384 | INFO | sqlalchemy.engine.Engine | 2712 | BEGIN (implicit)
2026-08-21 13:48:52,385 | INFO | sqlalchemy.engine.Engine | 1848 | SELECT pg_catalog.pg_class.relname 
FROM pg_catalog.pg_class JOIN pg_catalog.pg_namespace ON pg_catalog.pg_namespace.oid = pg_catalog.pg_class.relnamespace 
WHERE pg_catalog.pg_class.relname = $1::VARCHAR AND pg_catalog.pg_class.relkind = ANY (ARRAY[$2::VARCHAR, $3::VARCHAR, $4::VARCHAR, $5::VARCHAR, $6::VARCHAR]) AND pg_catalog.pg_table_is_visible(pg_catalog.pg_class.oid) AND pg_catalog.pg_namespace.nspname != $7::VARCHAR
2026-08-21 13:48:52,385 | INFO | sqlalchemy.engine.Engine | 1848 | [cached since 0.1734s ago] ('users', 'r', 'p', 'f', 'v', 'm', 'pg_catalog')
2026-08-21 13:48:52,387 | INFO | sqlalchemy.engine.Engine | 1848 | 
DROP TABLE users
2026-08-21 13:48:52,387 | INFO | sqlalchemy.engine.Engine | 1848 | [no key 0.00030s] ()
2026-08-21 13:48:52,393 | INFO | sqlalchemy.engine.Engine | 2718 | COMMIT
2026-08-21 13:48:52,537 | INFO | sqlalchemy.engine.Engine | 1848 | select pg_catalog.version()
2026-08-21 13:48:52,537 | INFO | sqlalchemy.engine.Engine | 1848 | [raw sql] ()
2026-08-21 13:48:52,540 | INFO | sqlalchemy.engine.Engine | 1848 | select current_schema()
2026-08-21 13:48:52,541 | INFO | sqlalchemy.engine.Engine | 1848 | [raw sql] ()
2026-08-21 13:48:52,542 | INFO | sqlalchemy.engine.Engine | 1848 | show standard_conforming_strings
2026-08-21 13:48:52,543 | INFO | sqlalchemy.engine.Engine | 1848 | [raw sql] ()
2026-08-21 13:48:52,544 | INFO | sqlalchemy.engine.Engine | 2712 | BEGIN (implicit)
2026-08-21 13:48:52,546 | INFO | sqlalchemy.engine.Engine | 1848 | SELECT pg_catalog.pg_class.relname 
FROM pg_catalog.pg_class JOIN pg_catalog.pg_namespace ON pg_catalog.pg_namespace.oid = pg_catalog.pg_class.relnamespace 
WHERE pg_catalog.pg_class.relname = $1::VARCHAR AND pg_catalog.pg_class.relkind = ANY (ARRAY[$2::VARCHAR, $3::VARCHAR, $4::VARCHAR, $5::VARCHAR, $6::VARCHAR]) AND pg_catalog.pg_table_is_visible(pg_catalog.pg_class.oid) AND pg_catalog.pg_namespace.nspname != $7::VARCHAR
2026-08-21 13:48:52,546 | INFO | sqlalchemy.engine.Engine | 1848 | [generated in 0.00042s] ('users', 'r', 'p', 'f', 'v', 'm', 'pg_catalog')
2026-08-21 13:48:52,559 | INFO | sqlalchemy.engine.Engine | 1848 | 
CREATE TABLE users (
	id UUID DEFAULT gen_random_uuid() NOT NULL, 
	email VARCHAR(255) NOT NULL, 
	password VARCHAR(255), 
	username VARCHAR(255) NOT NULL, 
	role TEXT DEFAULT 'user' NOT NULL, 
	is_active BOOLEAN DEFAULT false NOT NULL, 
	created_at TIMESTAMP WITH TIME ZONE DEFAULT now() NOT NULL, 
	updated_at TIMESTAMP WITH TIME ZONE DEFAULT now() NOT NULL, 
	PRIMARY KEY (id)
)


2026-08-21 13:48:52,560 | INFO | sqlalchemy.engine.Engine | 1848 | [no key 0.00033s] ()
2026-08-21 13:48:52,576 | INFO | sqlalchemy.engine.Engine | 1848 | CREATE INDEX ix_users_role ON users (role)
2026-08-21 13:48:52,577 | INFO | sqlalchemy.engine.Engine | 1848 | [no key 0.00043s] ()
2026-08-21 13:48:52,580 | INFO | sqlalchemy.engine.Engine | 1848 | CREATE INDEX ix_users_email ON users (email)
2026-08-21 13:48:52,581 | INFO | sqlalchemy.engine.Engine | 1848 | [no key 0.00042s] ()
2026-08-21 13:48:52,584 | INFO | sqlalchemy.engine.Engine | 2718 | COMMIT
2026-08-21 13:48:52,589 | INFO | sqlalchemy.engine.Engine | 2712 | BEGIN (implicit)
2026-08-21 13:48:52,590 | INFO | sqlalchemy.engine.Engine | 1848 | INSERT INTO users (id, email, password, username, role, is_active, created_at, updated_at) VALUES ($1::UUID, $2::VARCHAR, $3::VARCHAR, $4::VARCHAR, $5::VARCHAR, $6::BOOLEAN, $7::TIMESTAMP WITH TIME ZONE, $8::TIMESTAMP WITH TIME ZONE)
2026-08-21 13:48:52,591 | INFO | sqlalchemy.engine.Engine | 1848 | [generated in 0.00036s] (UUID('307d5e46-78b7-4c0e-b5a5-f8b9114afe6b'), 'testuser@gmail.com', 'hashed-password', 'testuser', <Roles.USER: 'user'>, False, datetime.datetime(2026, 8, 21, 12, 48, 52, 588268, tzinfo=datetime.timezone.utc), datetime.datetime(2026, 8, 21, 12, 48, 52, 588292, tzinfo=datetime.timezone.utc))
2026-08-21 13:48:52,598 | INFO | sqlalchemy.engine.Engine | 2718 | COMMIT
2026-08-21 13:48:52,601 | INFO | sqlalchemy.engine.Engine | 2712 | BEGIN (implicit)
2026-08-21 13:48:52,604 | INFO | sqlalchemy.engine.Engine | 1848 | SELECT users.id, users.email, users.password, users.username, users.role, users.is_active, users.created_at, users.updated_at 
FROM users 
WHERE users.id = $1::UUID
2026-08-21 13:48:52,604 | INFO | sqlalchemy.engine.Engine | 1848 | [generated in 0.00077s] (UUID('307d5e46-78b7-4c0e-b5a5-f8b9114afe6b'),)
2026-08-21 13:48:52,608 | INFO | sqlalchemy.engine.Engine | 1848 | SELECT users.id, users.email, users.password, users.username, users.role, users.is_active, users.created_at, users.updated_at 
FROM users 
WHERE users.id = $1::UUID
2026-08-21 13:48:52,608 | INFO | sqlalchemy.engine.Engine | 1848 | [generated in 0.00038s] (UUID('307d5e46-78b7-4c0e-b5a5-f8b9114afe6b'),)
2026-08-21 13:48:52,612 | INFO | sqlalchemy.engine.Engine | 1848 | UPDATE users SET username=$1::VARCHAR, updated_at=now() WHERE users.id = $2::UUID
2026-08-21 13:48:52,612 | INFO | sqlalchemy.engine.Engine | 1848 | [generated in 0.00062s] ('marvelous', UUID('307d5e46-78b7-4c0e-b5a5-f8b9114afe6b'))
2026-08-21 13:48:52,615 | INFO | sqlalchemy.engine.Engine | 2718 | COMMIT
2026-08-21 13:48:52,618 | INFO | sqlalchemy.engine.Engine | 2712 | BEGIN (implicit)
2026-08-21 13:48:52,619 | INFO | sqlalchemy.engine.Engine | 1848 | SELECT users.id, users.email, users.password, users.username, users.role, users.is_active, users.created_at, users.updated_at 
FROM users 
WHERE users.id = $1::UUID
2026-08-21 13:48:52,620 | INFO | sqlalchemy.engine.Engine | 1848 | [cached since 0.01583s ago] (UUID('307d5e46-78b7-4c0e-b5a5-f8b9114afe6b'),)
2026-08-21 13:48:52,623 | INFO | sqlalchemy.engine.Engine | 2715 | ROLLBACK
2026-08-21 13:48:52,626 | INFO | sqlalchemy.engine.Engine | 2712 | BEGIN (implicit)
2026-08-21 13:48:52,627 | INFO | sqlalchemy.engine.Engine | 1848 | SELECT pg_catalog.pg_class.relname 
FROM pg_catalog.pg_class JOIN pg_catalog.pg_namespace ON pg_catalog.pg_namespace.oid = pg_catalog.pg_class.relnamespace 
WHERE pg_catalog.pg_class.relname = $1::VARCHAR AND pg_catalog.pg_class.relkind = ANY (ARRAY[$2::VARCHAR, $3::VARCHAR, $4::VARCHAR, $5::VARCHAR, $6::VARCHAR]) AND pg_catalog.pg_table_is_visible(pg_catalog.pg_class.oid) AND pg_catalog.pg_namespace.nspname != $7::VARCHAR
2026-08-21 13:48:52,627 | INFO | sqlalchemy.engine.Engine | 1848 | [cached since 0.08119s ago] ('users', 'r', 'p', 'f', 'v', 'm', 'pg_catalog')
2026-08-21 13:48:52,630 | INFO | sqlalchemy.engine.Engine | 1848 | 
DROP TABLE users
2026-08-21 13:48:52,630 | INFO | sqlalchemy.engine.Engine | 1848 | [no key 0.00032s] ()
2026-08-21 13:48:52,636 | INFO | sqlalchemy.engine.Engine | 2718 | COMMIT
2026-08-21 13:48:52,883 | INFO | sqlalchemy.engine.Engine | 1848 | select pg_catalog.version()
2026-08-21 13:48:52,884 | INFO | sqlalchemy.engine.Engine | 1848 | [raw sql] ()
2026-08-21 13:48:52,887 | INFO | sqlalchemy.engine.Engine | 1848 | select current_schema()
2026-08-21 13:48:52,887 | INFO | sqlalchemy.engine.Engine | 1848 | [raw sql] ()
2026-08-21 13:48:52,889 | INFO | sqlalchemy.engine.Engine | 1848 | show standard_conforming_strings
2026-08-21 13:48:52,890 | INFO | sqlalchemy.engine.Engine | 1848 | [raw sql] ()
2026-08-21 13:48:52,891 | INFO | sqlalchemy.engine.Engine | 2712 | BEGIN (implicit)
2026-08-21 13:48:52,893 | INFO | sqlalchemy.engine.Engine | 1848 | SELECT pg_catalog.pg_class.relname 
FROM pg_catalog.pg_class JOIN pg_catalog.pg_namespace ON pg_catalog.pg_namespace.oid = pg_catalog.pg_class.relnamespace 
WHERE pg_catalog.pg_class.relname = $1::VARCHAR AND pg_catalog.pg_class.relkind = ANY (ARRAY[$2::VARCHAR, $3::VARCHAR, $4::VARCHAR, $5::VARCHAR, $6::VARCHAR]) AND pg_catalog.pg_table_is_visible(pg_catalog.pg_class.oid) AND pg_catalog.pg_namespace.nspname != $7::VARCHAR
2026-08-21 13:48:52,893 | INFO | sqlalchemy.engine.Engine | 1848 | [generated in 0.00039s] ('users', 'r', 'p', 'f', 'v', 'm', 'pg_catalog')
2026-08-21 13:48:52,907 | INFO | sqlalchemy.engine.Engine | 1848 | 
CREATE TABLE users (
	id UUID DEFAULT gen_random_uuid() NOT NULL, 
	email VARCHAR(255) NOT NULL, 
	password VARCHAR(255), 
	username VARCHAR(255) NOT NULL, 
	role TEXT DEFAULT 'user' NOT NULL, 
	is_active BOOLEAN DEFAULT false NOT NULL, 
	created_at TIMESTAMP WITH TIME ZONE DEFAULT now() NOT NULL, 
	updated_at TIMESTAMP WITH TIME ZONE DEFAULT now() NOT NULL, 
	PRIMARY KEY (id)
)


2026-08-21 13:48:52,908 | INFO | sqlalchemy.engine.Engine | 1848 | [no key 0.00036s] ()
2026-08-21 13:48:52,926 | INFO | sqlalchemy.engine.Engine | 1848 | CREATE INDEX ix_users_role ON users (role)
2026-08-21 13:48:52,926 | INFO | sqlalchemy.engine.Engine | 1848 | [no key 0.00049s] ()
2026-08-21 13:48:52,929 | INFO | sqlalchemy.engine.Engine | 1848 | CREATE INDEX ix_users_email ON users (email)
2026-08-21 13:48:52,930 | INFO | sqlalchemy.engine.Engine | 1848 | [no key 0.00034s] ()
2026-08-21 13:48:52,933 | INFO | sqlalchemy.engine.Engine | 2718 | COMMIT
2026-08-21 13:48:52,939 | INFO | sqlalchemy.engine.Engine | 2712 | BEGIN (implicit)
2026-08-21 13:48:52,940 | INFO | sqlalchemy.engine.Engine | 1848 | INSERT INTO users (id, email, password, username, role, is_active, created_at, updated_at) VALUES ($1::UUID, $2::VARCHAR, $3::VARCHAR, $4::VARCHAR, $5::VARCHAR, $6::BOOLEAN, $7::TIMESTAMP WITH TIME ZONE, $8::TIMESTAMP WITH TIME ZONE)
2026-08-21 13:48:52,940 | INFO | sqlalchemy.engine.Engine | 1848 | [generated in 0.00035s] (UUID('544a523f-c3f1-403c-b6a9-2dbb3423306e'), 'testuser@gmail.com', 'hashed-password', 'testuser', <Roles.USER: 'user'>, False, datetime.datetime(2026, 8, 21, 12, 48, 52, 937904, tzinfo=datetime.timezone.utc), datetime.datetime(2026, 8, 21, 12, 48, 52, 937925, tzinfo=datetime.timezone.utc))
2026-08-21 13:48:52,947 | INFO | sqlalchemy.engine.Engine | 2718 | COMMIT
2026-08-21 13:48:52,949 | INFO | sqlalchemy.engine.Engine | 2712 | BEGIN (implicit)
2026-08-21 13:48:52,950 | INFO | sqlalchemy.engine.Engine | 1848 | SELECT users.id, users.email, users.password, users.username, users.role, users.is_active, users.created_at, users.updated_at 
FROM users 
WHERE users.id = $1::UUID
2026-08-21 13:48:52,950 | INFO | sqlalchemy.engine.Engine | 1848 | [generated in 0.00033s] (UUID('544a523f-c3f1-403c-b6a9-2dbb3423306e'),)
2026-08-21 13:48:52,953 | INFO | sqlalchemy.engine.Engine | 1848 | SELECT users.id, users.email, users.password, users.username, users.role, users.is_active, users.created_at, users.updated_at 
FROM users 
WHERE users.id = $1::UUID
2026-08-21 13:48:52,954 | INFO | sqlalchemy.engine.Engine | 1848 | [generated in 0.00038s] (UUID('544a523f-c3f1-403c-b6a9-2dbb3423306e'),)
2026-08-21 13:48:52,956 | INFO | sqlalchemy.engine.Engine | 1848 | DELETE FROM users WHERE users.id = $1::UUID
2026-08-21 13:48:52,956 | INFO | sqlalchemy.engine.Engine | 1848 | [generated in 0.00039s] (UUID('544a523f-c3f1-403c-b6a9-2dbb3423306e'),)
2026-08-21 13:48:52,958 | INFO | sqlalchemy.engine.Engine | 2718 | COMMIT
2026-08-21 13:48:52,960 | INFO | sqlalchemy.engine.Engine | 2712 | BEGIN (implicit)
2026-08-21 13:48:52,960 | INFO | sqlalchemy.engine.Engine | 1848 | SELECT users.id, users.email, users.password, users.username, users.role, users.is_active, users.created_at, users.updated_at 
FROM users 
WHERE users.id = $1::UUID
2026-08-21 13:48:52,961 | INFO | sqlalchemy.engine.Engine | 1848 | [cached since 0.007592s ago] (UUID('544a523f-c3f1-403c-b6a9-2dbb3423306e'),)
2026-08-21 13:48:52,964 | INFO | sqlalchemy.engine.Engine | 2715 | ROLLBACK
2026-08-21 13:48:52,966 | INFO | sqlalchemy.engine.Engine | 2712 | BEGIN (implicit)
2026-08-21 13:48:52,967 | INFO | sqlalchemy.engine.Engine | 1848 | SELECT pg_catalog.pg_class.relname 
FROM pg_catalog.pg_class JOIN pg_catalog.pg_namespace ON pg_catalog.pg_namespace.oid = pg_catalog.pg_class.relnamespace 
WHERE pg_catalog.pg_class.relname = $1::VARCHAR AND pg_catalog.pg_class.relkind = ANY (ARRAY[$2::VARCHAR, $3::VARCHAR, $4::VARCHAR, $5::VARCHAR, $6::VARCHAR]) AND pg_catalog.pg_table_is_visible(pg_catalog.pg_class.oid) AND pg_catalog.pg_namespace.nspname != $7::VARCHAR
2026-08-21 13:48:52,967 | INFO | sqlalchemy.engine.Engine | 1848 | [cached since 0.07389s ago] ('users', 'r', 'p', 'f', 'v', 'm', 'pg_catalog')
2026-08-21 13:48:52,969 | INFO | sqlalchemy.engine.Engine | 1848 | 
DROP TABLE users
2026-08-21 13:48:52,969 | INFO | sqlalchemy.engine.Engine | 1848 | [no key 0.00034s] ()
2026-08-21 13:48:52,975 | INFO | sqlalchemy.engine.Engine | 2718 | COMMIT
2026-08-21 13:48:53,114 | INFO | sqlalchemy.engine.Engine | 1848 | select pg_catalog.version()
2026-08-21 13:48:53,114 | INFO | sqlalchemy.engine.Engine | 1848 | [raw sql] ()
2026-08-21 13:48:53,118 | INFO | sqlalchemy.engine.Engine | 1848 | select current_schema()
2026-08-21 13:48:53,118 | INFO | sqlalchemy.engine.Engine | 1848 | [raw sql] ()
2026-08-21 13:48:53,120 | INFO | sqlalchemy.engine.Engine | 1848 | show standard_conforming_strings
2026-08-21 13:48:53,121 | INFO | sqlalchemy.engine.Engine | 1848 | [raw sql] ()
2026-08-21 13:48:53,122 | INFO | sqlalchemy.engine.Engine | 2712 | BEGIN (implicit)
2026-08-21 13:48:53,124 | INFO | sqlalchemy.engine.Engine | 1848 | SELECT pg_catalog.pg_class.relname 
FROM pg_catalog.pg_class JOIN pg_catalog.pg_namespace ON pg_catalog.pg_namespace.oid = pg_catalog.pg_class.relnamespace 
WHERE pg_catalog.pg_class.relname = $1::VARCHAR AND pg_catalog.pg_class.relkind = ANY (ARRAY[$2::VARCHAR, $3::VARCHAR, $4::VARCHAR, $5::VARCHAR, $6::VARCHAR]) AND pg_catalog.pg_table_is_visible(pg_catalog.pg_class.oid) AND pg_catalog.pg_namespace.nspname != $7::VARCHAR
2026-08-21 13:48:53,125 | INFO | sqlalchemy.engine.Engine | 1848 | [generated in 0.00043s] ('users', 'r', 'p', 'f', 'v', 'm', 'pg_catalog')
2026-08-21 13:48:53,138 | INFO | sqlalchemy.engine.Engine | 1848 | 
CREATE TABLE users (
	id UUID DEFAULT gen_random_uuid() NOT NULL, 
	email VARCHAR(255) NOT NULL, 
	password VARCHAR(255), 
	username VARCHAR(255) NOT NULL, 
	role TEXT DEFAULT 'user' NOT NULL, 
	is_active BOOLEAN DEFAULT false NOT NULL, 
	created_at TIMESTAMP WITH TIME ZONE DEFAULT now() NOT NULL, 
	updated_at TIMESTAMP WITH TIME ZONE DEFAULT now() NOT NULL, 
	PRIMARY KEY (id)
)


2026-08-21 13:48:53,138 | INFO | sqlalchemy.engine.Engine | 1848 | [no key 0.00041s] ()
2026-08-21 13:48:53,156 | INFO | sqlalchemy.engine.Engine | 1848 | CREATE INDEX ix_users_role ON users (role)
2026-08-21 13:48:53,157 | INFO | sqlalchemy.engine.Engine | 1848 | [no key 0.00048s] ()
2026-08-21 13:48:53,160 | INFO | sqlalchemy.engine.Engine | 1848 | CREATE INDEX ix_users_email ON users (email)
2026-08-21 13:48:53,160 | INFO | sqlalchemy.engine.Engine | 1848 | [no key 0.00040s] ()
2026-08-21 13:48:53,163 | INFO | sqlalchemy.engine.Engine | 2718 | COMMIT
2026-08-21 13:48:53,169 | INFO | sqlalchemy.engine.Engine | 2712 | BEGIN (implicit)
2026-08-21 13:48:53,171 | INFO | sqlalchemy.engine.Engine | 1848 | SELECT users.id, users.email, users.password, users.username, users.role, users.is_active, users.created_at, users.updated_at 
FROM users 
WHERE users.id = $1::UUID
2026-08-21 13:48:53,171 | INFO | sqlalchemy.engine.Engine | 1848 | [generated in 0.00038s] (UUID('2b8322f0-5e3d-4a02-9f5c-b427106424c4'),)
2026-08-21 13:48:53,178 | INFO | sqlalchemy.engine.Engine | 1848 | SELECT users.id, users.email, users.password, users.username, users.role, users.is_active, users.created_at, users.updated_at 
FROM users 
WHERE users.email = $1::VARCHAR
2026-08-21 13:48:53,178 | INFO | sqlalchemy.engine.Engine | 1848 | [generated in 0.00038s] ('nonexistent@example.com',)
2026-08-21 13:48:53,181 | INFO | sqlalchemy.engine.Engine | 1848 | SELECT users.id, users.email, users.password, users.username, users.role, users.is_active, users.created_at, users.updated_at 
FROM users 
WHERE users.id = $1::UUID
2026-08-21 13:48:53,182 | INFO | sqlalchemy.engine.Engine | 1848 | [cached since 0.01121s ago] (UUID('2b8322f0-5e3d-4a02-9f5c-b427106424c4'),)
2026-08-21 13:48:53,635 | INFO | sqlalchemy.engine.Engine | 2715 | ROLLBACK
2026-08-21 13:48:53,637 | INFO | sqlalchemy.engine.Engine | 2712 | BEGIN (implicit)
2026-08-21 13:48:53,637 | INFO | sqlalchemy.engine.Engine | 1848 | SELECT pg_catalog.pg_class.relname 
FROM pg_catalog.pg_class JOIN pg_catalog.pg_namespace ON pg_catalog.pg_namespace.oid = pg_catalog.pg_class.relnamespace 
WHERE pg_catalog.pg_class.relname = $1::VARCHAR AND pg_catalog.pg_class.relkind = ANY (ARRAY[$2::VARCHAR, $3::VARCHAR, $4::VARCHAR, $5::VARCHAR, $6::VARCHAR]) AND pg_catalog.pg_table_is_visible(pg_catalog.pg_class.oid) AND pg_catalog.pg_namespace.nspname != $7::VARCHAR
2026-08-21 13:48:53,638 | INFO | sqlalchemy.engine.Engine | 1848 | [cached since 0.5134s ago] ('users', 'r', 'p', 'f', 'v', 'm', 'pg_catalog')
2026-08-21 13:48:53,640 | INFO | sqlalchemy.engine.Engine | 1848 | 
DROP TABLE users
2026-08-21 13:48:53,640 | INFO | sqlalchemy.engine.Engine | 1848 | [no key 0.00029s] ()
2026-08-21 13:48:53,645 | INFO | sqlalchemy.engine.Engine | 2718 | COMMIT
2026-08-21 13:52:27,383 | INFO | sqlalchemy.engine.Engine | 1848 | select pg_catalog.version()
2026-08-21 13:52:27,384 | INFO | sqlalchemy.engine.Engine | 1848 | [raw sql] ()
2026-08-21 13:52:27,389 | INFO | sqlalchemy.engine.Engine | 1848 | select current_schema()
2026-08-21 13:52:27,389 | INFO | sqlalchemy.engine.Engine | 1848 | [raw sql] ()
2026-08-21 13:52:27,392 | INFO | sqlalchemy.engine.Engine | 1848 | show standard_conforming_strings
2026-08-21 13:52:27,392 | INFO | sqlalchemy.engine.Engine | 1848 | [raw sql] ()
2026-08-21 13:52:27,394 | INFO | sqlalchemy.engine.Engine | 2712 | BEGIN (implicit)
2026-08-21 13:52:27,400 | INFO | sqlalchemy.engine.Engine | 1848 | SELECT pg_catalog.pg_class.relname 
FROM pg_catalog.pg_class JOIN pg_catalog.pg_namespace ON pg_catalog.pg_namespace.oid = pg_catalog.pg_class.relnamespace 
WHERE pg_catalog.pg_class.relname = $1::VARCHAR AND pg_catalog.pg_class.relkind = ANY (ARRAY[$2::VARCHAR, $3::VARCHAR, $4::VARCHAR, $5::VARCHAR, $6::VARCHAR]) AND pg_catalog.pg_table_is_visible(pg_catalog.pg_class.oid) AND pg_catalog.pg_namespace.nspname != $7::VARCHAR
2026-08-21 13:52:27,401 | INFO | sqlalchemy.engine.Engine | 1848 | [generated in 0.00066s] ('users', 'r', 'p', 'f', 'v', 'm', 'pg_catalog')
2026-08-21 13:52:27,415 | INFO | sqlalchemy.engine.Engine | 1848 | 
CREATE TABLE users (
	id UUID DEFAULT gen_random_uuid() NOT NULL, 
	email VARCHAR(255) NOT NULL, 
	password VARCHAR(255), 
	username VARCHAR(255) NOT NULL, 
	role TEXT DEFAULT 'user' NOT NULL, 
	is_active BOOLEAN DEFAULT false NOT NULL, 
	created_at TIMESTAMP WITH TIME ZONE DEFAULT now() NOT NULL, 
	updated_at TIMESTAMP WITH TIME ZONE DEFAULT now() NOT NULL, 
	PRIMARY KEY (id)
)


2026-08-21 13:52:27,415 | INFO | sqlalchemy.engine.Engine | 1848 | [no key 0.00039s] ()
2026-08-21 13:52:27,530 | INFO | sqlalchemy.engine.Engine | 1848 | CREATE INDEX ix_users_role ON users (role)
2026-08-21 13:52:27,531 | INFO | sqlalchemy.engine.Engine | 1848 | [no key 0.00046s] ()
2026-08-21 13:52:27,534 | INFO | sqlalchemy.engine.Engine | 1848 | CREATE INDEX ix_users_email ON users (email)
2026-08-21 13:52:27,535 | INFO | sqlalchemy.engine.Engine | 1848 | [no key 0.00046s] ()
2026-08-21 13:52:27,538 | INFO | sqlalchemy.engine.Engine | 2718 | COMMIT
2026-08-21 13:52:27,546 | INFO | sqlalchemy.engine.Engine | 2712 | BEGIN (implicit)
2026-08-21 13:52:27,548 | INFO | sqlalchemy.engine.Engine | 1848 | INSERT INTO users (id, email, password, username, role, is_active, created_at, updated_at) VALUES ($1::UUID, $2::VARCHAR, $3::VARCHAR, $4::VARCHAR, $5::VARCHAR, $6::BOOLEAN, $7::TIMESTAMP WITH TIME ZONE, $8::TIMESTAMP WITH TIME ZONE)
2026-08-21 13:52:27,548 | INFO | sqlalchemy.engine.Engine | 1848 | [generated in 0.00040s] (UUID('fdd0c007-a821-4f37-b946-b9bd37821349'), 'testuser@gmail.com', 'hashed_password', 'testuser', <Roles.USER: 'user'>, False, datetime.datetime(2026, 8, 21, 12, 52, 27, 544814, tzinfo=datetime.timezone.utc), datetime.datetime(2026, 8, 21, 12, 52, 27, 544837, tzinfo=datetime.timezone.utc))
2026-08-21 13:52:27,557 | INFO | sqlalchemy.engine.Engine | 2718 | COMMIT
2026-08-21 13:52:27,560 | INFO | sqlalchemy.engine.Engine | 2712 | BEGIN (implicit)
2026-08-21 13:52:27,562 | INFO | sqlalchemy.engine.Engine | 1848 | SELECT users.id, users.email, users.password, users.username, users.role, users.is_active, users.created_at, users.updated_at 
FROM users 
WHERE users.id = $1::UUID
2026-08-21 13:52:27,562 | INFO | sqlalchemy.engine.Engine | 1848 | [generated in 0.00034s] (UUID('fdd0c007-a821-4f37-b946-b9bd37821349'),)
2026-08-21 13:52:27,566 | INFO | sqlalchemy.engine.Engine | 1848 | SELECT users.id, users.email, users.password, users.username, users.role, users.is_active, users.created_at, users.updated_at 
FROM users 
WHERE users.id = $1::UUID
2026-08-21 13:52:27,566 | INFO | sqlalchemy.engine.Engine | 1848 | [generated in 0.00037s] (UUID('fdd0c007-a821-4f37-b946-b9bd37821349'),)
2026-08-21 13:52:27,569 | INFO | sqlalchemy.engine.Engine | 2715 | ROLLBACK
2026-08-21 13:52:27,571 | INFO | sqlalchemy.engine.Engine | 2712 | BEGIN (implicit)
2026-08-21 13:52:27,571 | INFO | sqlalchemy.engine.Engine | 1848 | SELECT pg_catalog.pg_class.relname 
FROM pg_catalog.pg_class JOIN pg_catalog.pg_namespace ON pg_catalog.pg_namespace.oid = pg_catalog.pg_class.relnamespace 
WHERE pg_catalog.pg_class.relname = $1::VARCHAR AND pg_catalog.pg_class.relkind = ANY (ARRAY[$2::VARCHAR, $3::VARCHAR, $4::VARCHAR, $5::VARCHAR, $6::VARCHAR]) AND pg_catalog.pg_table_is_visible(pg_catalog.pg_class.oid) AND pg_catalog.pg_namespace.nspname != $7::VARCHAR
2026-08-21 13:52:27,572 | INFO | sqlalchemy.engine.Engine | 1848 | [cached since 0.1717s ago] ('users', 'r', 'p', 'f', 'v', 'm', 'pg_catalog')
2026-08-21 13:52:27,574 | INFO | sqlalchemy.engine.Engine | 1848 | 
DROP TABLE users
2026-08-21 13:52:27,574 | INFO | sqlalchemy.engine.Engine | 1848 | [no key 0.00033s] ()
2026-08-21 13:52:27,580 | INFO | sqlalchemy.engine.Engine | 2718 | COMMIT
2026-08-21 13:52:27,723 | INFO | sqlalchemy.engine.Engine | 1848 | select pg_catalog.version()
2026-08-21 13:52:27,723 | INFO | sqlalchemy.engine.Engine | 1848 | [raw sql] ()
2026-08-21 13:52:27,727 | INFO | sqlalchemy.engine.Engine | 1848 | select current_schema()
2026-08-21 13:52:27,727 | INFO | sqlalchemy.engine.Engine | 1848 | [raw sql] ()
2026-08-21 13:52:27,729 | INFO | sqlalchemy.engine.Engine | 1848 | show standard_conforming_strings
2026-08-21 13:52:27,729 | INFO | sqlalchemy.engine.Engine | 1848 | [raw sql] ()
2026-08-21 13:52:27,731 | INFO | sqlalchemy.engine.Engine | 2712 | BEGIN (implicit)
2026-08-21 13:52:27,734 | INFO | sqlalchemy.engine.Engine | 1848 | SELECT pg_catalog.pg_class.relname 
FROM pg_catalog.pg_class JOIN pg_catalog.pg_namespace ON pg_catalog.pg_namespace.oid = pg_catalog.pg_class.relnamespace 
WHERE pg_catalog.pg_class.relname = $1::VARCHAR AND pg_catalog.pg_class.relkind = ANY (ARRAY[$2::VARCHAR, $3::VARCHAR, $4::VARCHAR, $5::VARCHAR, $6::VARCHAR]) AND pg_catalog.pg_table_is_visible(pg_catalog.pg_class.oid) AND pg_catalog.pg_namespace.nspname != $7::VARCHAR
2026-08-21 13:52:27,734 | INFO | sqlalchemy.engine.Engine | 1848 | [generated in 0.00064s] ('users', 'r', 'p', 'f', 'v', 'm', 'pg_catalog')
2026-08-21 13:52:27,747 | INFO | sqlalchemy.engine.Engine | 1848 | 
CREATE TABLE users (
	id UUID DEFAULT gen_random_uuid() NOT NULL, 
	email VARCHAR(255) NOT NULL, 
	password VARCHAR(255), 
	username VARCHAR(255) NOT NULL, 
	role TEXT DEFAULT 'user' NOT NULL, 
	is_active BOOLEAN DEFAULT false NOT NULL, 
	created_at TIMESTAMP WITH TIME ZONE DEFAULT now() NOT NULL, 
	updated_at TIMESTAMP WITH TIME ZONE DEFAULT now() NOT NULL, 
	PRIMARY KEY (id)
)


2026-08-21 13:52:27,747 | INFO | sqlalchemy.engine.Engine | 1848 | [no key 0.00036s] ()
2026-08-21 13:52:27,766 | INFO | sqlalchemy.engine.Engine | 1848 | CREATE INDEX ix_users_role ON users (role)
2026-08-21 13:52:27,766 | INFO | sqlalchemy.engine.Engine | 1848 | [no key 0.00048s] ()
2026-08-21 13:52:27,769 | INFO | sqlalchemy.engine.Engine | 1848 | CREATE INDEX ix_users_email ON users (email)
2026-08-21 13:52:27,770 | INFO | sqlalchemy.engine.Engine | 1848 | [no key 0.00040s] ()
2026-08-21 13:52:27,773 | INFO | sqlalchemy.engine.Engine | 2718 | COMMIT
2026-08-21 13:52:27,779 | INFO | sqlalchemy.engine.Engine | 2712 | BEGIN (implicit)
2026-08-21 13:52:27,781 | INFO | sqlalchemy.engine.Engine | 1848 | INSERT INTO users (id, email, password, username, role, is_active, created_at, updated_at) VALUES ($1::UUID, $2::VARCHAR, $3::VARCHAR, $4::VARCHAR, $5::VARCHAR, $6::BOOLEAN, $7::TIMESTAMP WITH TIME ZONE, $8::TIMESTAMP WITH TIME ZONE)
2026-08-21 13:52:27,781 | INFO | sqlalchemy.engine.Engine | 1848 | [generated in 0.00055s] (UUID('05b4978c-c3db-412c-85cd-d1d14bcb539b'), 'testuser@gmail.com', 'hashed-password', 'testuser', <Roles.USER: 'user'>, False, datetime.datetime(2026, 8, 21, 12, 52, 27, 778113, tzinfo=datetime.timezone.utc), datetime.datetime(2026, 8, 21, 12, 52, 27, 778131, tzinfo=datetime.timezone.utc))
2026-08-21 13:52:27,787 | INFO | sqlalchemy.engine.Engine | 2718 | COMMIT
2026-08-21 13:52:27,790 | INFO | sqlalchemy.engine.Engine | 2712 | BEGIN (implicit)
2026-08-21 13:52:27,791 | INFO | sqlalchemy.engine.Engine | 1848 | SELECT users.id, users.email, users.password, users.username, users.role, users.is_active, users.created_at, users.updated_at 
FROM users 
WHERE users.id = $1::UUID
2026-08-21 13:52:27,791 | INFO | sqlalchemy.engine.Engine | 1848 | [generated in 0.00031s] (UUID('05b4978c-c3db-412c-85cd-d1d14bcb539b'),)
2026-08-21 13:52:27,794 | INFO | sqlalchemy.engine.Engine | 1848 | SELECT users.id, users.email, users.password, users.username, users.role, users.is_active, users.created_at, users.updated_at 
FROM users 
WHERE users.email = $1::VARCHAR
2026-08-21 13:52:27,794 | INFO | sqlalchemy.engine.Engine | 1848 | [generated in 0.00041s] ('testuser@gmail.com',)
2026-08-21 13:52:27,798 | INFO | sqlalchemy.engine.Engine | 2715 | ROLLBACK
2026-08-21 13:52:27,800 | INFO | sqlalchemy.engine.Engine | 2712 | BEGIN (implicit)
2026-08-21 13:52:27,801 | INFO | sqlalchemy.engine.Engine | 1848 | SELECT pg_catalog.pg_class.relname 
FROM pg_catalog.pg_class JOIN pg_catalog.pg_namespace ON pg_catalog.pg_namespace.oid = pg_catalog.pg_class.relnamespace 
WHERE pg_catalog.pg_class.relname = $1::VARCHAR AND pg_catalog.pg_class.relkind = ANY (ARRAY[$2::VARCHAR, $3::VARCHAR, $4::VARCHAR, $5::VARCHAR, $6::VARCHAR]) AND pg_catalog.pg_table_is_visible(pg_catalog.pg_class.oid) AND pg_catalog.pg_namespace.nspname != $7::VARCHAR
2026-08-21 13:52:27,801 | INFO | sqlalchemy.engine.Engine | 1848 | [cached since 0.06781s ago] ('users', 'r', 'p', 'f', 'v', 'm', 'pg_catalog')
2026-08-21 13:52:27,803 | INFO | sqlalchemy.engine.Engine | 1848 | 
DROP TABLE users
2026-08-21 13:52:27,804 | INFO | sqlalchemy.engine.Engine | 1848 | [no key 0.00036s] ()
2026-08-21 13:52:27,809 | INFO | sqlalchemy.engine.Engine | 2718 | COMMIT
2026-08-21 13:52:27,953 | INFO | sqlalchemy.engine.Engine | 1848 | select pg_catalog.version()
2026-08-21 13:52:27,953 | INFO | sqlalchemy.engine.Engine | 1848 | [raw sql] ()
2026-08-21 13:52:27,956 | INFO | sqlalchemy.engine.Engine | 1848 | select current_schema()
2026-08-21 13:52:27,957 | INFO | sqlalchemy.engine.Engine | 1848 | [raw sql] ()
2026-08-21 13:52:27,959 | INFO | sqlalchemy.engine.Engine | 1848 | show standard_conforming_strings
2026-08-21 13:52:27,959 | INFO | sqlalchemy.engine.Engine | 1848 | [raw sql] ()
2026-08-21 13:52:27,960 | INFO | sqlalchemy.engine.Engine | 2712 | BEGIN (implicit)
2026-08-21 13:52:27,962 | INFO | sqlalchemy.engine.Engine | 1848 | SELECT pg_catalog.pg_class.relname 
FROM pg_catalog.pg_class JOIN pg_catalog.pg_namespace ON pg_catalog.pg_namespace.oid = pg_catalog.pg_class.relnamespace 
WHERE pg_catalog.pg_class.relname = $1::VARCHAR AND pg_catalog.pg_class.relkind = ANY (ARRAY[$2::VARCHAR, $3::VARCHAR, $4::VARCHAR, $5::VARCHAR, $6::VARCHAR]) AND pg_catalog.pg_table_is_visible(pg_catalog.pg_class.oid) AND pg_catalog.pg_namespace.nspname != $7::VARCHAR
2026-08-21 13:52:27,963 | INFO | sqlalchemy.engine.Engine | 1848 | [generated in 0.00041s] ('users', 'r', 'p', 'f', 'v', 'm', 'pg_catalog')
2026-08-21 13:52:27,976 | INFO | sqlalchemy.engine.Engine | 1848 | 
CREATE TABLE users (
	id UUID DEFAULT gen_random_uuid() NOT NULL, 
	email VARCHAR(255) NOT NULL, 
	password VARCHAR(255), 
	username VARCHAR(255) NOT NULL, 
	role TEXT DEFAULT 'user' NOT NULL, 
	is_active BOOLEAN DEFAULT false NOT NULL, 
	created_at TIMESTAMP WITH TIME ZONE DEFAULT now() NOT NULL, 
	updated_at TIMESTAMP WITH TIME ZONE DEFAULT now() NOT NULL, 
	PRIMARY KEY (id)
)


2026-08-21 13:52:27,976 | INFO | sqlalchemy.engine.Engine | 1848 | [no key 0.00032s] ()
2026-08-21 13:52:27,994 | INFO | sqlalchemy.engine.Engine | 1848 | CREATE INDEX ix_users_role ON users (role)
2026-08-21 13:52:27,995 | INFO | sqlalchemy.engine.Engine | 1848 | [no key 0.00048s] ()
2026-08-21 13:52:27,998 | INFO | sqlalchemy.engine.Engine | 1848 | CREATE INDEX ix_users_email ON users (email)
2026-08-21 13:52:27,999 | INFO | sqlalchemy.engine.Engine | 1848 | [no key 0.00038s] ()
2026-08-21 13:52:28,002 | INFO | sqlalchemy.engine.Engine | 2718 | COMMIT
2026-08-21 13:52:28,109 | INFO | sqlalchemy.engine.Engine | 2712 | BEGIN (implicit)
2026-08-21 13:52:28,110 | INFO | sqlalchemy.engine.Engine | 1848 | INSERT INTO users (id, email, password, username, role, is_active, created_at, updated_at) VALUES ($1::UUID, $2::VARCHAR, $3::VARCHAR, $4::VARCHAR, $5::VARCHAR, $6::BOOLEAN, $7::TIMESTAMP WITH TIME ZONE, $8::TIMESTAMP WITH TIME ZONE)
2026-08-21 13:52:28,111 | INFO | sqlalchemy.engine.Engine | 1848 | [generated in 0.00069s] (UUID('a6309adf-9724-4a73-914e-0783bb5ac14e'), 'testuser@gmail.com', '$argon2id$v=19$m=65536,t=3,p=4$P79vKX0WYP3l5VxWiJppRg$/zwXjS7wsQe4oqgkDWvhNT0C2PA5JvEPTt8teF9uCPA', 'testuser', <Roles.USER: 'user'>, False, datetime.datetime(2026, 8, 21, 12, 52, 28, 106324, tzinfo=datetime.timezone.utc), datetime.datetime(2026, 8, 21, 12, 52, 28, 106378, tzinfo=datetime.timezone.utc))
2026-08-21 13:52:28,119 | INFO | sqlalchemy.engine.Engine | 2718 | COMMIT
2026-08-21 13:52:28,123 | INFO | sqlalchemy.engine.Engine | 2712 | BEGIN (implicit)
2026-08-21 13:52:28,124 | INFO | sqlalchemy.engine.Engine | 1848 | SELECT users.id, users.email, users.password, users.username, users.role, users.is_active, users.created_at, users.updated_at 
FROM users 
WHERE users.id = $1::UUID
2026-08-21 13:52:28,124 | INFO | sqlalchemy.engine.Engine | 1848 | [generated in 0.00038s] (UUID('a6309adf-9724-4a73-914e-0783bb5ac14e'),)
2026-08-21 13:52:28,128 | INFO | sqlalchemy.engine.Engine | 2715 | ROLLBACK
2026-08-21 13:52:28,130 | INFO | sqlalchemy.engine.Engine | 2712 | BEGIN (implicit)
2026-08-21 13:52:28,131 | INFO | sqlalchemy.engine.Engine | 1848 | SELECT pg_catalog.pg_class.relname 
FROM pg_catalog.pg_class JOIN pg_catalog.pg_namespace ON pg_catalog.pg_namespace.oid = pg_catalog.pg_class.relnamespace 
WHERE pg_catalog.pg_class.relname = $1::VARCHAR AND pg_catalog.pg_class.relkind = ANY (ARRAY[$2::VARCHAR, $3::VARCHAR, $4::VARCHAR, $5::VARCHAR, $6::VARCHAR]) AND pg_catalog.pg_table_is_visible(pg_catalog.pg_class.oid) AND pg_catalog.pg_namespace.nspname != $7::VARCHAR
2026-08-21 13:52:28,131 | INFO | sqlalchemy.engine.Engine | 1848 | [cached since 0.1687s ago] ('users', 'r', 'p', 'f', 'v', 'm', 'pg_catalog')
2026-08-21 13:52:28,133 | INFO | sqlalchemy.engine.Engine | 1848 | 
DROP TABLE users
2026-08-21 13:52:28,133 | INFO | sqlalchemy.engine.Engine | 1848 | [no key 0.00030s] ()
2026-08-21 13:52:28,140 | INFO | sqlalchemy.engine.Engine | 2718 | COMMIT
2026-08-21 13:52:28,303 | INFO | sqlalchemy.engine.Engine | 1848 | select pg_catalog.version()
2026-08-21 13:52:28,304 | INFO | sqlalchemy.engine.Engine | 1848 | [raw sql] ()
2026-08-21 13:52:28,307 | INFO | sqlalchemy.engine.Engine | 1848 | select current_schema()
2026-08-21 13:52:28,307 | INFO | sqlalchemy.engine.Engine | 1848 | [raw sql] ()
2026-08-21 13:52:28,310 | INFO | sqlalchemy.engine.Engine | 1848 | show standard_conforming_strings
2026-08-21 13:52:28,310 | INFO | sqlalchemy.engine.Engine | 1848 | [raw sql] ()
2026-08-21 13:52:28,312 | INFO | sqlalchemy.engine.Engine | 2712 | BEGIN (implicit)
2026-08-21 13:52:28,314 | INFO | sqlalchemy.engine.Engine | 1848 | SELECT pg_catalog.pg_class.relname 
FROM pg_catalog.pg_class JOIN pg_catalog.pg_namespace ON pg_catalog.pg_namespace.oid = pg_catalog.pg_class.relnamespace 
WHERE pg_catalog.pg_class.relname = $1::VARCHAR AND pg_catalog.pg_class.relkind = ANY (ARRAY[$2::VARCHAR, $3::VARCHAR, $4::VARCHAR, $5::VARCHAR, $6::VARCHAR]) AND pg_catalog.pg_table_is_visible(pg_catalog.pg_class.oid) AND pg_catalog.pg_namespace.nspname != $7::VARCHAR
2026-08-21 13:52:28,314 | INFO | sqlalchemy.engine.Engine | 1848 | [generated in 0.00054s] ('users', 'r', 'p', 'f', 'v', 'm', 'pg_catalog')
2026-08-21 13:52:28,331 | INFO | sqlalchemy.engine.Engine | 1848 | 
CREATE TABLE users (
	id UUID DEFAULT gen_random_uuid() NOT NULL, 
	email VARCHAR(255) NOT NULL, 
	password VARCHAR(255), 
	username VARCHAR(255) NOT NULL, 
	role TEXT DEFAULT 'user' NOT NULL, 
	is_active BOOLEAN DEFAULT false NOT NULL, 
	created_at TIMESTAMP WITH TIME ZONE DEFAULT now() NOT NULL, 
	updated_at TIMESTAMP WITH TIME ZONE DEFAULT now() NOT NULL, 
	PRIMARY KEY (id)
)


2026-08-21 13:52:28,332 | INFO | sqlalchemy.engine.Engine | 1848 | [no key 0.00052s] ()
2026-08-21 13:52:28,354 | INFO | sqlalchemy.engine.Engine | 1848 | CREATE INDEX ix_users_role ON users (role)
2026-08-21 13:52:28,354 | INFO | sqlalchemy.engine.Engine | 1848 | [no key 0.00052s] ()
2026-08-21 13:52:28,358 | INFO | sqlalchemy.engine.Engine | 1848 | CREATE INDEX ix_users_email ON users (email)
2026-08-21 13:52:28,359 | INFO | sqlalchemy.engine.Engine | 1848 | [no key 0.00046s] ()
2026-08-21 13:52:28,362 | INFO | sqlalchemy.engine.Engine | 2718 | COMMIT
2026-08-21 13:52:28,369 | INFO | sqlalchemy.engine.Engine | 2712 | BEGIN (implicit)
2026-08-21 13:52:28,370 | INFO | sqlalchemy.engine.Engine | 1848 | INSERT INTO users (id, email, password, username, role, is_active, created_at, updated_at) VALUES ($1::UUID, $2::VARCHAR, $3::VARCHAR, $4::VARCHAR, $5::VARCHAR, $6::BOOLEAN, $7::TIMESTAMP WITH TIME ZONE, $8::TIMESTAMP WITH TIME ZONE)
2026-08-21 13:52:28,371 | INFO | sqlalchemy.engine.Engine | 1848 | [generated in 0.00046s] (UUID('38c44150-8a1c-4550-ad9e-b0f33c391bd3'), 'testuser@gmail.com', 'hashed-password', 'testuser', <Roles.USER: 'user'>, False, datetime.datetime(2026, 8, 21, 12, 52, 28, 368051, tzinfo=datetime.timezone.utc), datetime.datetime(2026, 8, 21, 12, 52, 28, 368093, tzinfo=datetime.timezone.utc))
2026-08-21 13:52:28,378 | INFO | sqlalchemy.engine.Engine | 2718 | COMMIT
2026-08-21 13:52:28,381 | INFO | sqlalchemy.engine.Engine | 2712 | BEGIN (implicit)
2026-08-21 13:52:28,384 | INFO | sqlalchemy.engine.Engine | 1848 | SELECT users.id, users.email, users.password, users.username, users.role, users.is_active, users.created_at, users.updated_at 
FROM users 
WHERE users.id = $1::UUID
2026-08-21 13:52:28,385 | INFO | sqlalchemy.engine.Engine | 1848 | [generated in 0.00064s] (UUID('38c44150-8a1c-4550-ad9e-b0f33c391bd3'),)
2026-08-21 13:52:28,389 | INFO | sqlalchemy.engine.Engine | 1848 | SELECT users.id, users.email, users.password, users.username, users.role, users.is_active, users.created_at, users.updated_at 
FROM users 
WHERE users.id = $1::UUID
2026-08-21 13:52:28,390 | INFO | sqlalchemy.engine.Engine | 1848 | [generated in 0.00062s] (UUID('38c44150-8a1c-4550-ad9e-b0f33c391bd3'),)
2026-08-21 13:52:28,394 | INFO | sqlalchemy.engine.Engine | 1848 | UPDATE users SET username=$1::VARCHAR, updated_at=now() WHERE users.id = $2::UUID
2026-08-21 13:52:28,394 | INFO | sqlalchemy.engine.Engine | 1848 | [generated in 0.00044s] ('marvelous', UUID('38c44150-8a1c-4550-ad9e-b0f33c391bd3'))
2026-08-21 13:52:28,396 | INFO | sqlalchemy.engine.Engine | 2718 | COMMIT
2026-08-21 13:52:28,399 | INFO | sqlalchemy.engine.Engine | 2712 | BEGIN (implicit)
2026-08-21 13:52:28,399 | INFO | sqlalchemy.engine.Engine | 1848 | SELECT users.id, users.email, users.password, users.username, users.role, users.is_active, users.created_at, users.updated_at 
FROM users 
WHERE users.id = $1::UUID
2026-08-21 13:52:28,400 | INFO | sqlalchemy.engine.Engine | 1848 | [cached since 0.01597s ago] (UUID('38c44150-8a1c-4550-ad9e-b0f33c391bd3'),)
2026-08-21 13:52:28,403 | INFO | sqlalchemy.engine.Engine | 2715 | ROLLBACK
2026-08-21 13:52:28,406 | INFO | sqlalchemy.engine.Engine | 2712 | BEGIN (implicit)
2026-08-21 13:52:28,407 | INFO | sqlalchemy.engine.Engine | 1848 | SELECT pg_catalog.pg_class.relname 
FROM pg_catalog.pg_class JOIN pg_catalog.pg_namespace ON pg_catalog.pg_namespace.oid = pg_catalog.pg_class.relnamespace 
WHERE pg_catalog.pg_class.relname = $1::VARCHAR AND pg_catalog.pg_class.relkind = ANY (ARRAY[$2::VARCHAR, $3::VARCHAR, $4::VARCHAR, $5::VARCHAR, $6::VARCHAR]) AND pg_catalog.pg_table_is_visible(pg_catalog.pg_class.oid) AND pg_catalog.pg_namespace.nspname != $7::VARCHAR
2026-08-21 13:52:28,407 | INFO | sqlalchemy.engine.Engine | 1848 | [cached since 0.09347s ago] ('users', 'r', 'p', 'f', 'v', 'm', 'pg_catalog')
2026-08-21 13:52:28,410 | INFO | sqlalchemy.engine.Engine | 1848 | 
DROP TABLE users
2026-08-21 13:52:28,410 | INFO | sqlalchemy.engine.Engine | 1848 | [no key 0.00046s] ()
2026-08-21 13:52:28,417 | INFO | sqlalchemy.engine.Engine | 2718 | COMMIT
2026-08-21 13:52:28,565 | INFO | sqlalchemy.engine.Engine | 1848 | select pg_catalog.version()
2026-08-21 13:52:28,565 | INFO | sqlalchemy.engine.Engine | 1848 | [raw sql] ()
2026-08-21 13:52:28,569 | INFO | sqlalchemy.engine.Engine | 1848 | select current_schema()
2026-08-21 13:52:28,569 | INFO | sqlalchemy.engine.Engine | 1848 | [raw sql] ()
2026-08-21 13:52:28,572 | INFO | sqlalchemy.engine.Engine | 1848 | show standard_conforming_strings
2026-08-21 13:52:28,572 | INFO | sqlalchemy.engine.Engine | 1848 | [raw sql] ()
2026-08-21 13:52:28,573 | INFO | sqlalchemy.engine.Engine | 2712 | BEGIN (implicit)
2026-08-21 13:52:28,575 | INFO | sqlalchemy.engine.Engine | 1848 | SELECT pg_catalog.pg_class.relname 
FROM pg_catalog.pg_class JOIN pg_catalog.pg_namespace ON pg_catalog.pg_namespace.oid = pg_catalog.pg_class.relnamespace 
WHERE pg_catalog.pg_class.relname = $1::VARCHAR AND pg_catalog.pg_class.relkind = ANY (ARRAY[$2::VARCHAR, $3::VARCHAR, $4::VARCHAR, $5::VARCHAR, $6::VARCHAR]) AND pg_catalog.pg_table_is_visible(pg_catalog.pg_class.oid) AND pg_catalog.pg_namespace.nspname != $7::VARCHAR
2026-08-21 13:52:28,576 | INFO | sqlalchemy.engine.Engine | 1848 | [generated in 0.00041s] ('users', 'r', 'p', 'f', 'v', 'm', 'pg_catalog')
2026-08-21 13:52:28,589 | INFO | sqlalchemy.engine.Engine | 1848 | 
CREATE TABLE users (
	id UUID DEFAULT gen_random_uuid() NOT NULL, 
	email VARCHAR(255) NOT NULL, 
	password VARCHAR(255), 
	username VARCHAR(255) NOT NULL, 
	role TEXT DEFAULT 'user' NOT NULL, 
	is_active BOOLEAN DEFAULT false NOT NULL, 
	created_at TIMESTAMP WITH TIME ZONE DEFAULT now() NOT NULL, 
	updated_at TIMESTAMP WITH TIME ZONE DEFAULT now() NOT NULL, 
	PRIMARY KEY (id)
)


2026-08-21 13:52:28,589 | INFO | sqlalchemy.engine.Engine | 1848 | [no key 0.00038s] ()
2026-08-21 13:52:28,607 | INFO | sqlalchemy.engine.Engine | 1848 | CREATE INDEX ix_users_role ON users (role)
2026-08-21 13:52:28,607 | INFO | sqlalchemy.engine.Engine | 1848 | [no key 0.00047s] ()
2026-08-21 13:52:28,611 | INFO | sqlalchemy.engine.Engine | 1848 | CREATE INDEX ix_users_email ON users (email)
2026-08-21 13:52:28,611 | INFO | sqlalchemy.engine.Engine | 1848 | [no key 0.00035s] ()
2026-08-21 13:52:28,615 | INFO | sqlalchemy.engine.Engine | 2718 | COMMIT
2026-08-21 13:52:28,621 | INFO | sqlalchemy.engine.Engine | 2712 | BEGIN (implicit)
2026-08-21 13:52:28,622 | INFO | sqlalchemy.engine.Engine | 1848 | INSERT INTO users (id, email, password, username, role, is_active, created_at, updated_at) VALUES ($1::UUID, $2::VARCHAR, $3::VARCHAR, $4::VARCHAR, $5::VARCHAR, $6::BOOLEAN, $7::TIMESTAMP WITH TIME ZONE, $8::TIMESTAMP WITH TIME ZONE)
2026-08-21 13:52:28,622 | INFO | sqlalchemy.engine.Engine | 1848 | [generated in 0.00035s] (UUID('a3c2abef-c81c-4e91-98e2-c23806e05fdb'), 'testuser@gmail.com', 'hashed-password', 'testuser', <Roles.USER: 'user'>, False, datetime.datetime(2026, 8, 21, 12, 52, 28, 619517, tzinfo=datetime.timezone.utc), datetime.datetime(2026, 8, 21, 12, 52, 28, 619537, tzinfo=datetime.timezone.utc))
2026-08-21 13:52:28,635 | INFO | sqlalchemy.engine.Engine | 2718 | COMMIT
2026-08-21 13:52:28,638 | INFO | sqlalchemy.engine.Engine | 2712 | BEGIN (implicit)
2026-08-21 13:52:28,640 | INFO | sqlalchemy.engine.Engine | 1848 | SELECT users.id, users.email, users.password, users.username, users.role, users.is_active, users.created_at, users.updated_at 
FROM users 
WHERE users.id = $1::UUID
2026-08-21 13:52:28,640 | INFO | sqlalchemy.engine.Engine | 1848 | [generated in 0.00049s] (UUID('a3c2abef-c81c-4e91-98e2-c23806e05fdb'),)
2026-08-21 13:52:28,644 | INFO | sqlalchemy.engine.Engine | 1848 | SELECT users.id, users.email, users.password, users.username, users.role, users.is_active, users.created_at, users.updated_at 
FROM users 
WHERE users.id = $1::UUID
2026-08-21 13:52:28,644 | INFO | sqlalchemy.engine.Engine | 1848 | [generated in 0.00083s] (UUID('a3c2abef-c81c-4e91-98e2-c23806e05fdb'),)
2026-08-21 13:52:28,648 | INFO | sqlalchemy.engine.Engine | 1848 | DELETE FROM users WHERE users.id = $1::UUID
2026-08-21 13:52:28,648 | INFO | sqlalchemy.engine.Engine | 1848 | [generated in 0.00042s] (UUID('a3c2abef-c81c-4e91-98e2-c23806e05fdb'),)
2026-08-21 13:52:28,650 | INFO | sqlalchemy.engine.Engine | 2718 | COMMIT
2026-08-21 13:52:28,653 | INFO | sqlalchemy.engine.Engine | 2712 | BEGIN (implicit)
2026-08-21 13:52:28,653 | INFO | sqlalchemy.engine.Engine | 1848 | SELECT users.id, users.email, users.password, users.username, users.role, users.is_active, users.created_at, users.updated_at 
FROM users 
WHERE users.id = $1::UUID
2026-08-21 13:52:28,653 | INFO | sqlalchemy.engine.Engine | 1848 | [cached since 0.009777s ago] (UUID('a3c2abef-c81c-4e91-98e2-c23806e05fdb'),)
2026-08-21 13:52:28,656 | INFO | sqlalchemy.engine.Engine | 2715 | ROLLBACK
2026-08-21 13:52:28,658 | INFO | sqlalchemy.engine.Engine | 2712 | BEGIN (implicit)
2026-08-21 13:52:28,659 | INFO | sqlalchemy.engine.Engine | 1848 | SELECT pg_catalog.pg_class.relname 
FROM pg_catalog.pg_class JOIN pg_catalog.pg_namespace ON pg_catalog.pg_namespace.oid = pg_catalog.pg_class.relnamespace 
WHERE pg_catalog.pg_class.relname = $1::VARCHAR AND pg_catalog.pg_class.relkind = ANY (ARRAY[$2::VARCHAR, $3::VARCHAR, $4::VARCHAR, $5::VARCHAR, $6::VARCHAR]) AND pg_catalog.pg_table_is_visible(pg_catalog.pg_class.oid) AND pg_catalog.pg_namespace.nspname != $7::VARCHAR
2026-08-21 13:52:28,659 | INFO | sqlalchemy.engine.Engine | 1848 | [cached since 0.084s ago] ('users', 'r', 'p', 'f', 'v', 'm', 'pg_catalog')
2026-08-21 13:52:28,661 | INFO | sqlalchemy.engine.Engine | 1848 | 
DROP TABLE users
2026-08-21 13:52:28,662 | INFO | sqlalchemy.engine.Engine | 1848 | [no key 0.00028s] ()
2026-08-21 13:52:28,668 | INFO | sqlalchemy.engine.Engine | 2718 | COMMIT
2026-08-21 13:52:28,807 | INFO | sqlalchemy.engine.Engine | 1848 | select pg_catalog.version()
2026-08-21 13:52:28,808 | INFO | sqlalchemy.engine.Engine | 1848 | [raw sql] ()
2026-08-21 13:52:28,811 | INFO | sqlalchemy.engine.Engine | 1848 | select current_schema()
2026-08-21 13:52:28,811 | INFO | sqlalchemy.engine.Engine | 1848 | [raw sql] ()
2026-08-21 13:52:28,814 | INFO | sqlalchemy.engine.Engine | 1848 | show standard_conforming_strings
2026-08-21 13:52:28,814 | INFO | sqlalchemy.engine.Engine | 1848 | [raw sql] ()
2026-08-21 13:52:28,815 | INFO | sqlalchemy.engine.Engine | 2712 | BEGIN (implicit)
2026-08-21 13:52:28,817 | INFO | sqlalchemy.engine.Engine | 1848 | SELECT pg_catalog.pg_class.relname 
FROM pg_catalog.pg_class JOIN pg_catalog.pg_namespace ON pg_catalog.pg_namespace.oid = pg_catalog.pg_class.relnamespace 
WHERE pg_catalog.pg_class.relname = $1::VARCHAR AND pg_catalog.pg_class.relkind = ANY (ARRAY[$2::VARCHAR, $3::VARCHAR, $4::VARCHAR, $5::VARCHAR, $6::VARCHAR]) AND pg_catalog.pg_table_is_visible(pg_catalog.pg_class.oid) AND pg_catalog.pg_namespace.nspname != $7::VARCHAR
2026-08-21 13:52:28,817 | INFO | sqlalchemy.engine.Engine | 1848 | [generated in 0.00038s] ('users', 'r', 'p', 'f', 'v', 'm', 'pg_catalog')
2026-08-21 13:52:28,831 | INFO | sqlalchemy.engine.Engine | 1848 | 
CREATE TABLE users (
	id UUID DEFAULT gen_random_uuid() NOT NULL, 
	email VARCHAR(255) NOT NULL, 
	password VARCHAR(255), 
	username VARCHAR(255) NOT NULL, 
	role TEXT DEFAULT 'user' NOT NULL, 
	is_active BOOLEAN DEFAULT false NOT NULL, 
	created_at TIMESTAMP WITH TIME ZONE DEFAULT now() NOT NULL, 
	updated_at TIMESTAMP WITH TIME ZONE DEFAULT now() NOT NULL, 
	PRIMARY KEY (id)
)


2026-08-21 13:52:28,831 | INFO | sqlalchemy.engine.Engine | 1848 | [no key 0.00034s] ()
2026-08-21 13:52:28,849 | INFO | sqlalchemy.engine.Engine | 1848 | CREATE INDEX ix_users_role ON users (role)
2026-08-21 13:52:28,849 | INFO | sqlalchemy.engine.Engine | 1848 | [no key 0.00050s] ()
2026-08-21 13:52:28,853 | INFO | sqlalchemy.engine.Engine | 1848 | CREATE INDEX ix_users_email ON users (email)
2026-08-21 13:52:28,853 | INFO | sqlalchemy.engine.Engine | 1848 | [no key 0.00040s] ()
2026-08-21 13:52:28,857 | INFO | sqlalchemy.engine.Engine | 2718 | COMMIT
2026-08-21 13:52:28,862 | INFO | sqlalchemy.engine.Engine | 2712 | BEGIN (implicit)
2026-08-21 13:52:28,863 | INFO | sqlalchemy.engine.Engine | 1848 | SELECT users.id, users.email, users.password, users.username, users.role, users.is_active, users.created_at, users.updated_at 
FROM users 
WHERE users.id = $1::UUID
2026-08-21 13:52:28,864 | INFO | sqlalchemy.engine.Engine | 1848 | [generated in 0.00045s] (UUID('27c58579-2896-4278-91ec-6306e194f733'),)
2026-08-21 13:52:28,872 | INFO | sqlalchemy.engine.Engine | 1848 | SELECT users.id, users.email, users.password, users.username, users.role, users.is_active, users.created_at, users.updated_at 
FROM users 
WHERE users.email = $1::VARCHAR
2026-08-21 13:52:28,872 | INFO | sqlalchemy.engine.Engine | 1848 | [generated in 0.00038s] ('nonexistent@example.com',)
2026-08-21 13:52:28,875 | INFO | sqlalchemy.engine.Engine | 1848 | SELECT users.id, users.email, users.password, users.username, users.role, users.is_active, users.created_at, users.updated_at 
FROM users 
WHERE users.id = $1::UUID
2026-08-21 13:52:28,876 | INFO | sqlalchemy.engine.Engine | 1848 | [cached since 0.01235s ago] (UUID('27c58579-2896-4278-91ec-6306e194f733'),)
2026-08-21 13:52:29,330 | INFO | sqlalchemy.engine.Engine | 2715 | ROLLBACK
2026-08-21 13:52:29,332 | INFO | sqlalchemy.engine.Engine | 2712 | BEGIN (implicit)
2026-08-21 13:52:29,333 | INFO | sqlalchemy.engine.Engine | 1848 | SELECT pg_catalog.pg_class.relname 
FROM pg_catalog.pg_class JOIN pg_catalog.pg_namespace ON pg_catalog.pg_namespace.oid = pg_catalog.pg_class.relnamespace 
WHERE pg_catalog.pg_class.relname = $1::VARCHAR AND pg_catalog.pg_class.relkind = ANY (ARRAY[$2::VARCHAR, $3::VARCHAR, $4::VARCHAR, $5::VARCHAR, $6::VARCHAR]) AND pg_catalog.pg_table_is_visible(pg_catalog.pg_class.oid) AND pg_catalog.pg_namespace.nspname != $7::VARCHAR
2026-08-21 13:52:29,333 | INFO | sqlalchemy.engine.Engine | 1848 | [cached since 0.5157s ago] ('users', 'r', 'p', 'f', 'v', 'm', 'pg_catalog')
2026-08-21 13:52:29,335 | INFO | sqlalchemy.engine.Engine | 1848 | 
DROP TABLE users
2026-08-21 13:52:29,335 | INFO | sqlalchemy.engine.Engine | 1848 | [no key 0.00032s] ()
2026-08-21 13:52:29,340 | INFO | sqlalchemy.engine.Engine | 2718 | COMMIT
2026-08-21 13:53:20,200 | INFO | sqlalchemy.engine.Engine | 1848 | select pg_catalog.version()
2026-08-21 13:53:20,201 | INFO | sqlalchemy.engine.Engine | 1848 | [raw sql] ()
2026-08-21 13:53:20,207 | INFO | sqlalchemy.engine.Engine | 1848 | select current_schema()
2026-08-21 13:53:20,208 | INFO | sqlalchemy.engine.Engine | 1848 | [raw sql] ()
2026-08-21 13:53:20,211 | INFO | sqlalchemy.engine.Engine | 1848 | show standard_conforming_strings
2026-08-21 13:53:20,212 | INFO | sqlalchemy.engine.Engine | 1848 | [raw sql] ()
2026-08-21 13:53:20,214 | INFO | sqlalchemy.engine.Engine | 2712 | BEGIN (implicit)
2026-08-21 13:53:20,222 | INFO | sqlalchemy.engine.Engine | 1848 | SELECT pg_catalog.pg_class.relname 
FROM pg_catalog.pg_class JOIN pg_catalog.pg_namespace ON pg_catalog.pg_namespace.oid = pg_catalog.pg_class.relnamespace 
WHERE pg_catalog.pg_class.relname = $1::VARCHAR AND pg_catalog.pg_class.relkind = ANY (ARRAY[$2::VARCHAR, $3::VARCHAR, $4::VARCHAR, $5::VARCHAR, $6::VARCHAR]) AND pg_catalog.pg_table_is_visible(pg_catalog.pg_class.oid) AND pg_catalog.pg_namespace.nspname != $7::VARCHAR
2026-08-21 13:53:20,222 | INFO | sqlalchemy.engine.Engine | 1848 | [generated in 0.00052s] ('users', 'r', 'p', 'f', 'v', 'm', 'pg_catalog')
2026-08-21 13:53:20,238 | INFO | sqlalchemy.engine.Engine | 1848 | 
CREATE TABLE users (
	id UUID DEFAULT gen_random_uuid() NOT NULL, 
	email VARCHAR(255) NOT NULL, 
	password VARCHAR(255), 
	username VARCHAR(255) NOT NULL, 
	role TEXT DEFAULT 'user' NOT NULL, 
	is_active BOOLEAN DEFAULT false NOT NULL, 
	created_at TIMESTAMP WITH TIME ZONE DEFAULT now() NOT NULL, 
	updated_at TIMESTAMP WITH TIME ZONE DEFAULT now() NOT NULL, 
	PRIMARY KEY (id)
)


2026-08-21 13:53:20,238 | INFO | sqlalchemy.engine.Engine | 1848 | [no key 0.00039s] ()
2026-08-21 13:53:20,257 | INFO | sqlalchemy.engine.Engine | 1848 | CREATE INDEX ix_users_role ON users (role)
2026-08-21 13:53:20,258 | INFO | sqlalchemy.engine.Engine | 1848 | [no key 0.00059s] ()
2026-08-21 13:53:20,261 | INFO | sqlalchemy.engine.Engine | 1848 | CREATE INDEX ix_users_email ON users (email)
2026-08-21 13:53:20,262 | INFO | sqlalchemy.engine.Engine | 1848 | [no key 0.00051s] ()
2026-08-21 13:53:20,265 | INFO | sqlalchemy.engine.Engine | 2718 | COMMIT
2026-08-21 13:53:20,272 | INFO | sqlalchemy.engine.Engine | 2712 | BEGIN (implicit)
2026-08-21 13:53:20,274 | INFO | sqlalchemy.engine.Engine | 1848 | INSERT INTO users (id, email, password, username, role, is_active, created_at, updated_at) VALUES ($1::UUID, $2::VARCHAR, $3::VARCHAR, $4::VARCHAR, $5::VARCHAR, $6::BOOLEAN, $7::TIMESTAMP WITH TIME ZONE, $8::TIMESTAMP WITH TIME ZONE)
2026-08-21 13:53:20,275 | INFO | sqlalchemy.engine.Engine | 1848 | [generated in 0.00047s] (UUID('5470361c-991c-43d5-9a3b-a14b0399b4e6'), 'testuser@gmail.com', 'hashed_password', 'testuser', <Roles.USER: 'user'>, False, datetime.datetime(2026, 8, 21, 12, 53, 20, 271269, tzinfo=datetime.timezone.utc), datetime.datetime(2026, 8, 21, 12, 53, 20, 271295, tzinfo=datetime.timezone.utc))
2026-08-21 13:53:20,282 | INFO | sqlalchemy.engine.Engine | 2718 | COMMIT
2026-08-21 13:53:20,285 | INFO | sqlalchemy.engine.Engine | 2712 | BEGIN (implicit)
2026-08-21 13:53:20,287 | INFO | sqlalchemy.engine.Engine | 1848 | SELECT users.id, users.email, users.password, users.username, users.role, users.is_active, users.created_at, users.updated_at 
FROM users 
WHERE users.id = $1::UUID
2026-08-21 13:53:20,287 | INFO | sqlalchemy.engine.Engine | 1848 | [generated in 0.00035s] (UUID('5470361c-991c-43d5-9a3b-a14b0399b4e6'),)
2026-08-21 13:53:20,290 | INFO | sqlalchemy.engine.Engine | 1848 | SELECT users.id, users.email, users.password, users.username, users.role, users.is_active, users.created_at, users.updated_at 
FROM users 
WHERE users.id = $1::UUID
2026-08-21 13:53:20,291 | INFO | sqlalchemy.engine.Engine | 1848 | [generated in 0.00038s] (UUID('5470361c-991c-43d5-9a3b-a14b0399b4e6'),)
2026-08-21 13:53:20,294 | INFO | sqlalchemy.engine.Engine | 2715 | ROLLBACK
2026-08-21 13:53:20,296 | INFO | sqlalchemy.engine.Engine | 2712 | BEGIN (implicit)
2026-08-21 13:53:20,297 | INFO | sqlalchemy.engine.Engine | 1848 | SELECT pg_catalog.pg_class.relname 
FROM pg_catalog.pg_class JOIN pg_catalog.pg_namespace ON pg_catalog.pg_namespace.oid = pg_catalog.pg_class.relnamespace 
WHERE pg_catalog.pg_class.relname = $1::VARCHAR AND pg_catalog.pg_class.relkind = ANY (ARRAY[$2::VARCHAR, $3::VARCHAR, $4::VARCHAR, $5::VARCHAR, $6::VARCHAR]) AND pg_catalog.pg_table_is_visible(pg_catalog.pg_class.oid) AND pg_catalog.pg_namespace.nspname != $7::VARCHAR
2026-08-21 13:53:20,297 | INFO | sqlalchemy.engine.Engine | 1848 | [cached since 0.07499s ago] ('users', 'r', 'p', 'f', 'v', 'm', 'pg_catalog')
2026-08-21 13:53:20,299 | INFO | sqlalchemy.engine.Engine | 1848 | 
DROP TABLE users
2026-08-21 13:53:20,299 | INFO | sqlalchemy.engine.Engine | 1848 | [no key 0.00030s] ()
2026-08-21 13:53:20,305 | INFO | sqlalchemy.engine.Engine | 2718 | COMMIT
2026-08-21 13:53:20,455 | INFO | sqlalchemy.engine.Engine | 1848 | select pg_catalog.version()
2026-08-21 13:53:20,455 | INFO | sqlalchemy.engine.Engine | 1848 | [raw sql] ()
2026-08-21 13:53:20,459 | INFO | sqlalchemy.engine.Engine | 1848 | select current_schema()
2026-08-21 13:53:20,459 | INFO | sqlalchemy.engine.Engine | 1848 | [raw sql] ()
2026-08-21 13:53:20,461 | INFO | sqlalchemy.engine.Engine | 1848 | show standard_conforming_strings
2026-08-21 13:53:20,461 | INFO | sqlalchemy.engine.Engine | 1848 | [raw sql] ()
2026-08-21 13:53:20,463 | INFO | sqlalchemy.engine.Engine | 2712 | BEGIN (implicit)
2026-08-21 13:53:20,465 | INFO | sqlalchemy.engine.Engine | 1848 | SELECT pg_catalog.pg_class.relname 
FROM pg_catalog.pg_class JOIN pg_catalog.pg_namespace ON pg_catalog.pg_namespace.oid = pg_catalog.pg_class.relnamespace 
WHERE pg_catalog.pg_class.relname = $1::VARCHAR AND pg_catalog.pg_class.relkind = ANY (ARRAY[$2::VARCHAR, $3::VARCHAR, $4::VARCHAR, $5::VARCHAR, $6::VARCHAR]) AND pg_catalog.pg_table_is_visible(pg_catalog.pg_class.oid) AND pg_catalog.pg_namespace.nspname != $7::VARCHAR
2026-08-21 13:53:20,466 | INFO | sqlalchemy.engine.Engine | 1848 | [generated in 0.00047s] ('users', 'r', 'p', 'f', 'v', 'm', 'pg_catalog')
2026-08-21 13:53:20,479 | INFO | sqlalchemy.engine.Engine | 1848 | 
CREATE TABLE users (
	id UUID DEFAULT gen_random_uuid() NOT NULL, 
	email VARCHAR(255) NOT NULL, 
	password VARCHAR(255), 
	username VARCHAR(255) NOT NULL, 
	role TEXT DEFAULT 'user' NOT NULL, 
	is_active BOOLEAN DEFAULT false NOT NULL, 
	created_at TIMESTAMP WITH TIME ZONE DEFAULT now() NOT NULL, 
	updated_at TIMESTAMP WITH TIME ZONE DEFAULT now() NOT NULL, 
	PRIMARY KEY (id)
)


2026-08-21 13:53:20,479 | INFO | sqlalchemy.engine.Engine | 1848 | [no key 0.00033s] ()
2026-08-21 13:53:20,497 | INFO | sqlalchemy.engine.Engine | 1848 | CREATE INDEX ix_users_role ON users (role)
2026-08-21 13:53:20,497 | INFO | sqlalchemy.engine.Engine | 1848 | [no key 0.00049s] ()
2026-08-21 13:53:20,500 | INFO | sqlalchemy.engine.Engine | 1848 | CREATE INDEX ix_users_email ON users (email)
2026-08-21 13:53:20,501 | INFO | sqlalchemy.engine.Engine | 1848 | [no key 0.00036s] ()
2026-08-21 13:53:20,504 | INFO | sqlalchemy.engine.Engine | 2718 | COMMIT
2026-08-21 13:53:20,510 | INFO | sqlalchemy.engine.Engine | 2712 | BEGIN (implicit)
2026-08-21 13:53:20,512 | INFO | sqlalchemy.engine.Engine | 1848 | INSERT INTO users (id, email, password, username, role, is_active, created_at, updated_at) VALUES ($1::UUID, $2::VARCHAR, $3::VARCHAR, $4::VARCHAR, $5::VARCHAR, $6::BOOLEAN, $7::TIMESTAMP WITH TIME ZONE, $8::TIMESTAMP WITH TIME ZONE)
2026-08-21 13:53:20,512 | INFO | sqlalchemy.engine.Engine | 1848 | [generated in 0.00044s] (UUID('2cd9a576-503e-4da1-84ff-e2516bc45d5e'), 'testuser@gmail.com', 'hashed-password', 'testuser', <Roles.USER: 'user'>, False, datetime.datetime(2026, 8, 21, 12, 53, 20, 509070, tzinfo=datetime.timezone.utc), datetime.datetime(2026, 8, 21, 12, 53, 20, 509087, tzinfo=datetime.timezone.utc))
2026-08-21 13:53:20,521 | INFO | sqlalchemy.engine.Engine | 2718 | COMMIT
2026-08-21 13:53:20,524 | INFO | sqlalchemy.engine.Engine | 2712 | BEGIN (implicit)
2026-08-21 13:53:20,525 | INFO | sqlalchemy.engine.Engine | 1848 | SELECT users.id, users.email, users.password, users.username, users.role, users.is_active, users.created_at, users.updated_at 
FROM users 
WHERE users.id = $1::UUID
2026-08-21 13:53:20,525 | INFO | sqlalchemy.engine.Engine | 1848 | [generated in 0.00033s] (UUID('2cd9a576-503e-4da1-84ff-e2516bc45d5e'),)
2026-08-21 13:53:20,529 | INFO | sqlalchemy.engine.Engine | 1848 | SELECT users.id, users.email, users.password, users.username, users.role, users.is_active, users.created_at, users.updated_at 
FROM users 
WHERE users.email = $1::VARCHAR
2026-08-21 13:53:20,529 | INFO | sqlalchemy.engine.Engine | 1848 | [generated in 0.00047s] ('testuser@gmail.com',)
2026-08-21 13:53:20,538 | INFO | sqlalchemy.engine.Engine | 2715 | ROLLBACK
2026-08-21 13:53:20,540 | INFO | sqlalchemy.engine.Engine | 2712 | BEGIN (implicit)
2026-08-21 13:53:20,541 | INFO | sqlalchemy.engine.Engine | 1848 | SELECT pg_catalog.pg_class.relname 
FROM pg_catalog.pg_class JOIN pg_catalog.pg_namespace ON pg_catalog.pg_namespace.oid = pg_catalog.pg_class.relnamespace 
WHERE pg_catalog.pg_class.relname = $1::VARCHAR AND pg_catalog.pg_class.relkind = ANY (ARRAY[$2::VARCHAR, $3::VARCHAR, $4::VARCHAR, $5::VARCHAR, $6::VARCHAR]) AND pg_catalog.pg_table_is_visible(pg_catalog.pg_class.oid) AND pg_catalog.pg_namespace.nspname != $7::VARCHAR
2026-08-21 13:53:20,541 | INFO | sqlalchemy.engine.Engine | 1848 | [cached since 0.07598s ago] ('users', 'r', 'p', 'f', 'v', 'm', 'pg_catalog')
2026-08-21 13:53:20,543 | INFO | sqlalchemy.engine.Engine | 1848 | 
DROP TABLE users
2026-08-21 13:53:20,544 | INFO | sqlalchemy.engine.Engine | 1848 | [no key 0.00033s] ()
2026-08-21 13:53:20,549 | INFO | sqlalchemy.engine.Engine | 2718 | COMMIT
2026-08-21 13:53:20,701 | INFO | sqlalchemy.engine.Engine | 1848 | select pg_catalog.version()
2026-08-21 13:53:20,702 | INFO | sqlalchemy.engine.Engine | 1848 | [raw sql] ()
2026-08-21 13:53:20,705 | INFO | sqlalchemy.engine.Engine | 1848 | select current_schema()
2026-08-21 13:53:20,705 | INFO | sqlalchemy.engine.Engine | 1848 | [raw sql] ()
2026-08-21 13:53:20,707 | INFO | sqlalchemy.engine.Engine | 1848 | show standard_conforming_strings
2026-08-21 13:53:20,707 | INFO | sqlalchemy.engine.Engine | 1848 | [raw sql] ()
2026-08-21 13:53:20,709 | INFO | sqlalchemy.engine.Engine | 2712 | BEGIN (implicit)
2026-08-21 13:53:20,711 | INFO | sqlalchemy.engine.Engine | 1848 | SELECT pg_catalog.pg_class.relname 
FROM pg_catalog.pg_class JOIN pg_catalog.pg_namespace ON pg_catalog.pg_namespace.oid = pg_catalog.pg_class.relnamespace 
WHERE pg_catalog.pg_class.relname = $1::VARCHAR AND pg_catalog.pg_class.relkind = ANY (ARRAY[$2::VARCHAR, $3::VARCHAR, $4::VARCHAR, $5::VARCHAR, $6::VARCHAR]) AND pg_catalog.pg_table_is_visible(pg_catalog.pg_class.oid) AND pg_catalog.pg_namespace.nspname != $7::VARCHAR
2026-08-21 13:53:20,711 | INFO | sqlalchemy.engine.Engine | 1848 | [generated in 0.00044s] ('users', 'r', 'p', 'f', 'v', 'm', 'pg_catalog')
2026-08-21 13:53:20,725 | INFO | sqlalchemy.engine.Engine | 1848 | 
CREATE TABLE users (
	id UUID DEFAULT gen_random_uuid() NOT NULL, 
	email VARCHAR(255) NOT NULL, 
	password VARCHAR(255), 
	username VARCHAR(255) NOT NULL, 
	role TEXT DEFAULT 'user' NOT NULL, 
	is_active BOOLEAN DEFAULT false NOT NULL, 
	created_at TIMESTAMP WITH TIME ZONE DEFAULT now() NOT NULL, 
	updated_at TIMESTAMP WITH TIME ZONE DEFAULT now() NOT NULL, 
	PRIMARY KEY (id)
)


2026-08-21 13:53:20,725 | INFO | sqlalchemy.engine.Engine | 1848 | [no key 0.00034s] ()
2026-08-21 13:53:20,743 | INFO | sqlalchemy.engine.Engine | 1848 | CREATE INDEX ix_users_role ON users (role)
2026-08-21 13:53:20,744 | INFO | sqlalchemy.engine.Engine | 1848 | [no key 0.00049s] ()
2026-08-21 13:53:20,747 | INFO | sqlalchemy.engine.Engine | 1848 | CREATE INDEX ix_users_email ON users (email)
2026-08-21 13:53:20,747 | INFO | sqlalchemy.engine.Engine | 1848 | [no key 0.00044s] ()
2026-08-21 13:53:20,751 | INFO | sqlalchemy.engine.Engine | 2718 | COMMIT
2026-08-21 13:53:20,862 | INFO | sqlalchemy.engine.Engine | 2712 | BEGIN (implicit)
2026-08-21 13:53:20,863 | INFO | sqlalchemy.engine.Engine | 1848 | INSERT INTO users (id, email, password, username, role, is_active, created_at, updated_at) VALUES ($1::UUID, $2::VARCHAR, $3::VARCHAR, $4::VARCHAR, $5::VARCHAR, $6::BOOLEAN, $7::TIMESTAMP WITH TIME ZONE, $8::TIMESTAMP WITH TIME ZONE)
2026-08-21 13:53:20,864 | INFO | sqlalchemy.engine.Engine | 1848 | [generated in 0.00044s] (UUID('7eebc36c-8067-42f1-8395-8defed099b3c'), 'testuser@gmail.com', '$argon2id$v=19$m=65536,t=3,p=4$Io8u53HecYTWlI12RSoyyg$bCsYScAFACL3o8ooRagWelgSkWWtg14dvbAF1+tmNds', 'testuser', <Roles.USER: 'user'>, False, datetime.datetime(2026, 8, 21, 12, 53, 20, 860938, tzinfo=datetime.timezone.utc), datetime.datetime(2026, 8, 21, 12, 53, 20, 860968, tzinfo=datetime.timezone.utc))
2026-08-21 13:53:20,871 | INFO | sqlalchemy.engine.Engine | 2718 | COMMIT
2026-08-21 13:53:20,873 | INFO | sqlalchemy.engine.Engine | 2712 | BEGIN (implicit)
2026-08-21 13:53:20,874 | INFO | sqlalchemy.engine.Engine | 1848 | SELECT users.id, users.email, users.password, users.username, users.role, users.is_active, users.created_at, users.updated_at 
FROM users 
WHERE users.id = $1::UUID
2026-08-21 13:53:20,874 | INFO | sqlalchemy.engine.Engine | 1848 | [generated in 0.00032s] (UUID('7eebc36c-8067-42f1-8395-8defed099b3c'),)
2026-08-21 13:53:20,878 | INFO | sqlalchemy.engine.Engine | 2715 | ROLLBACK
2026-08-21 13:53:20,880 | INFO | sqlalchemy.engine.Engine | 2712 | BEGIN (implicit)
2026-08-21 13:53:20,881 | INFO | sqlalchemy.engine.Engine | 1848 | SELECT pg_catalog.pg_class.relname 
FROM pg_catalog.pg_class JOIN pg_catalog.pg_namespace ON pg_catalog.pg_namespace.oid = pg_catalog.pg_class.relnamespace 
WHERE pg_catalog.pg_class.relname = $1::VARCHAR AND pg_catalog.pg_class.relkind = ANY (ARRAY[$2::VARCHAR, $3::VARCHAR, $4::VARCHAR, $5::VARCHAR, $6::VARCHAR]) AND pg_catalog.pg_table_is_visible(pg_catalog.pg_class.oid) AND pg_catalog.pg_namespace.nspname != $7::VARCHAR
2026-08-21 13:53:20,881 | INFO | sqlalchemy.engine.Engine | 1848 | [cached since 0.1703s ago] ('users', 'r', 'p', 'f', 'v', 'm', 'pg_catalog')
2026-08-21 13:53:20,883 | INFO | sqlalchemy.engine.Engine | 1848 | 
DROP TABLE users
2026-08-21 13:53:20,883 | INFO | sqlalchemy.engine.Engine | 1848 | [no key 0.00033s] ()
2026-08-21 13:53:20,889 | INFO | sqlalchemy.engine.Engine | 2718 | COMMIT
2026-08-21 13:53:21,026 | INFO | sqlalchemy.engine.Engine | 1848 | select pg_catalog.version()
2026-08-21 13:53:21,026 | INFO | sqlalchemy.engine.Engine | 1848 | [raw sql] ()
2026-08-21 13:53:21,030 | INFO | sqlalchemy.engine.Engine | 1848 | select current_schema()
2026-08-21 13:53:21,030 | INFO | sqlalchemy.engine.Engine | 1848 | [raw sql] ()
2026-08-21 13:53:21,032 | INFO | sqlalchemy.engine.Engine | 1848 | show standard_conforming_strings
2026-08-21 13:53:21,032 | INFO | sqlalchemy.engine.Engine | 1848 | [raw sql] ()
2026-08-21 13:53:21,033 | INFO | sqlalchemy.engine.Engine | 2712 | BEGIN (implicit)
2026-08-21 13:53:21,036 | INFO | sqlalchemy.engine.Engine | 1848 | SELECT pg_catalog.pg_class.relname 
FROM pg_catalog.pg_class JOIN pg_catalog.pg_namespace ON pg_catalog.pg_namespace.oid = pg_catalog.pg_class.relnamespace 
WHERE pg_catalog.pg_class.relname = $1::VARCHAR AND pg_catalog.pg_class.relkind = ANY (ARRAY[$2::VARCHAR, $3::VARCHAR, $4::VARCHAR, $5::VARCHAR, $6::VARCHAR]) AND pg_catalog.pg_table_is_visible(pg_catalog.pg_class.oid) AND pg_catalog.pg_namespace.nspname != $7::VARCHAR
2026-08-21 13:53:21,036 | INFO | sqlalchemy.engine.Engine | 1848 | [generated in 0.00046s] ('users', 'r', 'p', 'f', 'v', 'm', 'pg_catalog')
2026-08-21 13:53:21,049 | INFO | sqlalchemy.engine.Engine | 1848 | 
CREATE TABLE users (
	id UUID DEFAULT gen_random_uuid() NOT NULL, 
	email VARCHAR(255) NOT NULL, 
	password VARCHAR(255), 
	username VARCHAR(255) NOT NULL, 
	role TEXT DEFAULT 'user' NOT NULL, 
	is_active BOOLEAN DEFAULT false NOT NULL, 
	created_at TIMESTAMP WITH TIME ZONE DEFAULT now() NOT NULL, 
	updated_at TIMESTAMP WITH TIME ZONE DEFAULT now() NOT NULL, 
	PRIMARY KEY (id)
)


2026-08-21 13:53:21,050 | INFO | sqlalchemy.engine.Engine | 1848 | [no key 0.00034s] ()
2026-08-21 13:53:21,068 | INFO | sqlalchemy.engine.Engine | 1848 | CREATE INDEX ix_users_role ON users (role)
2026-08-21 13:53:21,069 | INFO | sqlalchemy.engine.Engine | 1848 | [no key 0.00049s] ()
2026-08-21 13:53:21,072 | INFO | sqlalchemy.engine.Engine | 1848 | CREATE INDEX ix_users_email ON users (email)
2026-08-21 13:53:21,073 | INFO | sqlalchemy.engine.Engine | 1848 | [no key 0.00042s] ()
2026-08-21 13:53:21,076 | INFO | sqlalchemy.engine.Engine | 2718 | COMMIT
2026-08-21 13:53:21,082 | INFO | sqlalchemy.engine.Engine | 2712 | BEGIN (implicit)
2026-08-21 13:53:21,083 | INFO | sqlalchemy.engine.Engine | 1848 | INSERT INTO users (id, email, password, username, role, is_active, created_at, updated_at) VALUES ($1::UUID, $2::VARCHAR, $3::VARCHAR, $4::VARCHAR, $5::VARCHAR, $6::BOOLEAN, $7::TIMESTAMP WITH TIME ZONE, $8::TIMESTAMP WITH TIME ZONE)
2026-08-21 13:53:21,083 | INFO | sqlalchemy.engine.Engine | 1848 | [generated in 0.00049s] (UUID('1ac54074-b12d-4837-abfb-74bdd227da3d'), 'testuser@gmail.com', 'hashed-password', 'testuser', <Roles.USER: 'user'>, False, datetime.datetime(2026, 8, 21, 12, 53, 21, 80423, tzinfo=datetime.timezone.utc), datetime.datetime(2026, 8, 21, 12, 53, 21, 80444, tzinfo=datetime.timezone.utc))
2026-08-21 13:53:21,090 | INFO | sqlalchemy.engine.Engine | 2718 | COMMIT
2026-08-21 13:53:21,092 | INFO | sqlalchemy.engine.Engine | 2712 | BEGIN (implicit)
2026-08-21 13:53:21,093 | INFO | sqlalchemy.engine.Engine | 1848 | SELECT users.id, users.email, users.password, users.username, users.role, users.is_active, users.created_at, users.updated_at 
FROM users 
WHERE users.id = $1::UUID
2026-08-21 13:53:21,094 | INFO | sqlalchemy.engine.Engine | 1848 | [generated in 0.00048s] (UUID('1ac54074-b12d-4837-abfb-74bdd227da3d'),)
2026-08-21 13:53:21,097 | INFO | sqlalchemy.engine.Engine | 1848 | SELECT users.id, users.email, users.password, users.username, users.role, users.is_active, users.created_at, users.updated_at 
FROM users 
WHERE users.id = $1::UUID
2026-08-21 13:53:21,097 | INFO | sqlalchemy.engine.Engine | 1848 | [generated in 0.00038s] (UUID('1ac54074-b12d-4837-abfb-74bdd227da3d'),)
2026-08-21 13:53:21,100 | INFO | sqlalchemy.engine.Engine | 1848 | UPDATE users SET username=$1::VARCHAR, updated_at=now() WHERE users.id = $2::UUID
2026-08-21 13:53:21,101 | INFO | sqlalchemy.engine.Engine | 1848 | [generated in 0.00044s] ('marvelous', UUID('1ac54074-b12d-4837-abfb-74bdd227da3d'))
2026-08-21 13:53:21,103 | INFO | sqlalchemy.engine.Engine | 2718 | COMMIT
2026-08-21 13:53:21,105 | INFO | sqlalchemy.engine.Engine | 2712 | BEGIN (implicit)
2026-08-21 13:53:21,106 | INFO | sqlalchemy.engine.Engine | 1848 | SELECT users.id, users.email, users.password, users.username, users.role, users.is_active, users.created_at, users.updated_at 
FROM users 
WHERE users.id = $1::UUID
2026-08-21 13:53:21,106 | INFO | sqlalchemy.engine.Engine | 1848 | [cached since 0.01263s ago] (UUID('1ac54074-b12d-4837-abfb-74bdd227da3d'),)
2026-08-21 13:53:21,109 | INFO | sqlalchemy.engine.Engine | 2715 | ROLLBACK
2026-08-21 13:53:21,111 | INFO | sqlalchemy.engine.Engine | 2712 | BEGIN (implicit)
2026-08-21 13:53:21,111 | INFO | sqlalchemy.engine.Engine | 1848 | SELECT pg_catalog.pg_class.relname 
FROM pg_catalog.pg_class JOIN pg_catalog.pg_namespace ON pg_catalog.pg_namespace.oid = pg_catalog.pg_class.relnamespace 
WHERE pg_catalog.pg_class.relname = $1::VARCHAR AND pg_catalog.pg_class.relkind = ANY (ARRAY[$2::VARCHAR, $3::VARCHAR, $4::VARCHAR, $5::VARCHAR, $6::VARCHAR]) AND pg_catalog.pg_table_is_visible(pg_catalog.pg_class.oid) AND pg_catalog.pg_namespace.nspname != $7::VARCHAR
2026-08-21 13:53:21,112 | INFO | sqlalchemy.engine.Engine | 1848 | [cached since 0.07608s ago] ('users', 'r', 'p', 'f', 'v', 'm', 'pg_catalog')
2026-08-21 13:53:21,114 | INFO | sqlalchemy.engine.Engine | 1848 | 
DROP TABLE users
2026-08-21 13:53:21,114 | INFO | sqlalchemy.engine.Engine | 1848 | [no key 0.00050s] ()
2026-08-21 13:53:21,120 | INFO | sqlalchemy.engine.Engine | 2718 | COMMIT
2026-08-21 13:53:21,260 | INFO | sqlalchemy.engine.Engine | 1848 | select pg_catalog.version()
2026-08-21 13:53:21,260 | INFO | sqlalchemy.engine.Engine | 1848 | [raw sql] ()
2026-08-21 13:53:21,264 | INFO | sqlalchemy.engine.Engine | 1848 | select current_schema()
2026-08-21 13:53:21,264 | INFO | sqlalchemy.engine.Engine | 1848 | [raw sql] ()
2026-08-21 13:53:21,266 | INFO | sqlalchemy.engine.Engine | 1848 | show standard_conforming_strings
2026-08-21 13:53:21,267 | INFO | sqlalchemy.engine.Engine | 1848 | [raw sql] ()
2026-08-21 13:53:21,268 | INFO | sqlalchemy.engine.Engine | 2712 | BEGIN (implicit)
2026-08-21 13:53:21,270 | INFO | sqlalchemy.engine.Engine | 1848 | SELECT pg_catalog.pg_class.relname 
FROM pg_catalog.pg_class JOIN pg_catalog.pg_namespace ON pg_catalog.pg_namespace.oid = pg_catalog.pg_class.relnamespace 
WHERE pg_catalog.pg_class.relname = $1::VARCHAR AND pg_catalog.pg_class.relkind = ANY (ARRAY[$2::VARCHAR, $3::VARCHAR, $4::VARCHAR, $5::VARCHAR, $6::VARCHAR]) AND pg_catalog.pg_table_is_visible(pg_catalog.pg_class.oid) AND pg_catalog.pg_namespace.nspname != $7::VARCHAR
2026-08-21 13:53:21,271 | INFO | sqlalchemy.engine.Engine | 1848 | [generated in 0.00042s] ('users', 'r', 'p', 'f', 'v', 'm', 'pg_catalog')
2026-08-21 13:53:21,284 | INFO | sqlalchemy.engine.Engine | 1848 | 
CREATE TABLE users (
	id UUID DEFAULT gen_random_uuid() NOT NULL, 
	email VARCHAR(255) NOT NULL, 
	password VARCHAR(255), 
	username VARCHAR(255) NOT NULL, 
	role TEXT DEFAULT 'user' NOT NULL, 
	is_active BOOLEAN DEFAULT false NOT NULL, 
	created_at TIMESTAMP WITH TIME ZONE DEFAULT now() NOT NULL, 
	updated_at TIMESTAMP WITH TIME ZONE DEFAULT now() NOT NULL, 
	PRIMARY KEY (id)
)


2026-08-21 13:53:21,285 | INFO | sqlalchemy.engine.Engine | 1848 | [no key 0.00036s] ()
2026-08-21 13:53:21,304 | INFO | sqlalchemy.engine.Engine | 1848 | CREATE INDEX ix_users_role ON users (role)
2026-08-21 13:53:21,304 | INFO | sqlalchemy.engine.Engine | 1848 | [no key 0.00052s] ()
2026-08-21 13:53:21,308 | INFO | sqlalchemy.engine.Engine | 1848 | CREATE INDEX ix_users_email ON users (email)
2026-08-21 13:53:21,308 | INFO | sqlalchemy.engine.Engine | 1848 | [no key 0.00045s] ()
2026-08-21 13:53:21,311 | INFO | sqlalchemy.engine.Engine | 2718 | COMMIT
2026-08-21 13:53:21,317 | INFO | sqlalchemy.engine.Engine | 2712 | BEGIN (implicit)
2026-08-21 13:53:21,318 | INFO | sqlalchemy.engine.Engine | 1848 | INSERT INTO users (id, email, password, username, role, is_active, created_at, updated_at) VALUES ($1::UUID, $2::VARCHAR, $3::VARCHAR, $4::VARCHAR, $5::VARCHAR, $6::BOOLEAN, $7::TIMESTAMP WITH TIME ZONE, $8::TIMESTAMP WITH TIME ZONE)
2026-08-21 13:53:21,319 | INFO | sqlalchemy.engine.Engine | 1848 | [generated in 0.00036s] (UUID('8ece99de-5334-4f08-8439-95cf530b2414'), 'testuser@gmail.com', 'hashed-password', 'testuser', <Roles.USER: 'user'>, False, datetime.datetime(2026, 8, 21, 12, 53, 21, 316272, tzinfo=datetime.timezone.utc), datetime.datetime(2026, 8, 21, 12, 53, 21, 316293, tzinfo=datetime.timezone.utc))
2026-08-21 13:53:21,325 | INFO | sqlalchemy.engine.Engine | 2718 | COMMIT
2026-08-21 13:53:21,328 | INFO | sqlalchemy.engine.Engine | 2712 | BEGIN (implicit)
2026-08-21 13:53:21,329 | INFO | sqlalchemy.engine.Engine | 1848 | SELECT users.id, users.email, users.password, users.username, users.role, users.is_active, users.created_at, users.updated_at 
FROM users 
WHERE users.id = $1::UUID
2026-08-21 13:53:21,329 | INFO | sqlalchemy.engine.Engine | 1848 | [generated in 0.00033s] (UUID('8ece99de-5334-4f08-8439-95cf530b2414'),)
2026-08-21 13:53:21,332 | INFO | sqlalchemy.engine.Engine | 1848 | SELECT users.id, users.email, users.password, users.username, users.role, users.is_active, users.created_at, users.updated_at 
FROM users 
WHERE users.id = $1::UUID
2026-08-21 13:53:21,332 | INFO | sqlalchemy.engine.Engine | 1848 | [generated in 0.00043s] (UUID('8ece99de-5334-4f08-8439-95cf530b2414'),)
2026-08-21 13:53:21,335 | INFO | sqlalchemy.engine.Engine | 1848 | DELETE FROM users WHERE users.id = $1::UUID
2026-08-21 13:53:21,335 | INFO | sqlalchemy.engine.Engine | 1848 | [generated in 0.00038s] (UUID('8ece99de-5334-4f08-8439-95cf530b2414'),)
2026-08-21 13:53:21,337 | INFO | sqlalchemy.engine.Engine | 2718 | COMMIT
2026-08-21 13:53:21,339 | INFO | sqlalchemy.engine.Engine | 2712 | BEGIN (implicit)
2026-08-21 13:53:21,339 | INFO | sqlalchemy.engine.Engine | 1848 | SELECT users.id, users.email, users.password, users.username, users.role, users.is_active, users.created_at, users.updated_at 
FROM users 
WHERE users.id = $1::UUID
2026-08-21 13:53:21,339 | INFO | sqlalchemy.engine.Engine | 1848 | [cached since 0.007572s ago] (UUID('8ece99de-5334-4f08-8439-95cf530b2414'),)
2026-08-21 13:53:21,342 | INFO | sqlalchemy.engine.Engine | 2715 | ROLLBACK
2026-08-21 13:53:21,344 | INFO | sqlalchemy.engine.Engine | 2712 | BEGIN (implicit)
2026-08-21 13:53:21,345 | INFO | sqlalchemy.engine.Engine | 1848 | SELECT pg_catalog.pg_class.relname 
FROM pg_catalog.pg_class JOIN pg_catalog.pg_namespace ON pg_catalog.pg_namespace.oid = pg_catalog.pg_class.relnamespace 
WHERE pg_catalog.pg_class.relname = $1::VARCHAR AND pg_catalog.pg_class.relkind = ANY (ARRAY[$2::VARCHAR, $3::VARCHAR, $4::VARCHAR, $5::VARCHAR, $6::VARCHAR]) AND pg_catalog.pg_table_is_visible(pg_catalog.pg_class.oid) AND pg_catalog.pg_namespace.nspname != $7::VARCHAR
2026-08-21 13:53:21,346 | INFO | sqlalchemy.engine.Engine | 1848 | [cached since 0.07531s ago] ('users', 'r', 'p', 'f', 'v', 'm', 'pg_catalog')
2026-08-21 13:53:21,348 | INFO | sqlalchemy.engine.Engine | 1848 | 
DROP TABLE users
2026-08-21 13:53:21,348 | INFO | sqlalchemy.engine.Engine | 1848 | [no key 0.00028s] ()
2026-08-21 13:53:21,354 | INFO | sqlalchemy.engine.Engine | 2718 | COMMIT
2026-08-21 13:53:21,495 | INFO | sqlalchemy.engine.Engine | 1848 | select pg_catalog.version()
2026-08-21 13:53:21,495 | INFO | sqlalchemy.engine.Engine | 1848 | [raw sql] ()
2026-08-21 13:53:21,498 | INFO | sqlalchemy.engine.Engine | 1848 | select current_schema()
2026-08-21 13:53:21,498 | INFO | sqlalchemy.engine.Engine | 1848 | [raw sql] ()
2026-08-21 13:53:21,500 | INFO | sqlalchemy.engine.Engine | 1848 | show standard_conforming_strings
2026-08-21 13:53:21,501 | INFO | sqlalchemy.engine.Engine | 1848 | [raw sql] ()
2026-08-21 13:53:21,502 | INFO | sqlalchemy.engine.Engine | 2712 | BEGIN (implicit)
2026-08-21 13:53:21,504 | INFO | sqlalchemy.engine.Engine | 1848 | SELECT pg_catalog.pg_class.relname 
FROM pg_catalog.pg_class JOIN pg_catalog.pg_namespace ON pg_catalog.pg_namespace.oid = pg_catalog.pg_class.relnamespace 
WHERE pg_catalog.pg_class.relname = $1::VARCHAR AND pg_catalog.pg_class.relkind = ANY (ARRAY[$2::VARCHAR, $3::VARCHAR, $4::VARCHAR, $5::VARCHAR, $6::VARCHAR]) AND pg_catalog.pg_table_is_visible(pg_catalog.pg_class.oid) AND pg_catalog.pg_namespace.nspname != $7::VARCHAR
2026-08-21 13:53:21,505 | INFO | sqlalchemy.engine.Engine | 1848 | [generated in 0.00059s] ('users', 'r', 'p', 'f', 'v', 'm', 'pg_catalog')
2026-08-21 13:53:21,518 | INFO | sqlalchemy.engine.Engine | 1848 | 
CREATE TABLE users (
	id UUID DEFAULT gen_random_uuid() NOT NULL, 
	email VARCHAR(255) NOT NULL, 
	password VARCHAR(255), 
	username VARCHAR(255) NOT NULL, 
	role TEXT DEFAULT 'user' NOT NULL, 
	is_active BOOLEAN DEFAULT false NOT NULL, 
	created_at TIMESTAMP WITH TIME ZONE DEFAULT now() NOT NULL, 
	updated_at TIMESTAMP WITH TIME ZONE DEFAULT now() NOT NULL, 
	PRIMARY KEY (id)
)


2026-08-21 13:53:21,518 | INFO | sqlalchemy.engine.Engine | 1848 | [no key 0.00032s] ()
2026-08-21 13:53:21,536 | INFO | sqlalchemy.engine.Engine | 1848 | CREATE INDEX ix_users_role ON users (role)
2026-08-21 13:53:21,536 | INFO | sqlalchemy.engine.Engine | 1848 | [no key 0.00046s] ()
2026-08-21 13:53:21,539 | INFO | sqlalchemy.engine.Engine | 1848 | CREATE INDEX ix_users_email ON users (email)
2026-08-21 13:53:21,540 | INFO | sqlalchemy.engine.Engine | 1848 | [no key 0.00037s] ()
2026-08-21 13:53:21,543 | INFO | sqlalchemy.engine.Engine | 2718 | COMMIT
2026-08-21 13:53:21,549 | INFO | sqlalchemy.engine.Engine | 2712 | BEGIN (implicit)
2026-08-21 13:53:21,550 | INFO | sqlalchemy.engine.Engine | 1848 | SELECT users.id, users.email, users.password, users.username, users.role, users.is_active, users.created_at, users.updated_at 
FROM users 
WHERE users.id = $1::UUID
2026-08-21 13:53:21,550 | INFO | sqlalchemy.engine.Engine | 1848 | [generated in 0.00034s] (UUID('3b19e911-03ef-4f64-ba7c-c6c05336ddb8'),)
2026-08-21 13:53:21,558 | INFO | sqlalchemy.engine.Engine | 1848 | SELECT users.id, users.email, users.password, users.username, users.role, users.is_active, users.created_at, users.updated_at 
FROM users 
WHERE users.email = $1::VARCHAR
2026-08-21 13:53:21,558 | INFO | sqlalchemy.engine.Engine | 1848 | [generated in 0.00035s] ('nonexistent@example.com',)
2026-08-21 13:53:21,561 | INFO | sqlalchemy.engine.Engine | 1848 | SELECT users.id, users.email, users.password, users.username, users.role, users.is_active, users.created_at, users.updated_at 
FROM users 
WHERE users.id = $1::UUID
2026-08-21 13:53:21,561 | INFO | sqlalchemy.engine.Engine | 1848 | [cached since 0.01131s ago] (UUID('3b19e911-03ef-4f64-ba7c-c6c05336ddb8'),)
2026-08-21 13:53:22,010 | INFO | sqlalchemy.engine.Engine | 2715 | ROLLBACK
2026-08-21 13:53:22,048 | INFO | sqlalchemy.engine.Engine | 2712 | BEGIN (implicit)
2026-08-21 13:53:22,049 | INFO | sqlalchemy.engine.Engine | 1848 | SELECT pg_catalog.pg_class.relname 
FROM pg_catalog.pg_class JOIN pg_catalog.pg_namespace ON pg_catalog.pg_namespace.oid = pg_catalog.pg_class.relnamespace 
WHERE pg_catalog.pg_class.relname = $1::VARCHAR AND pg_catalog.pg_class.relkind = ANY (ARRAY[$2::VARCHAR, $3::VARCHAR, $4::VARCHAR, $5::VARCHAR, $6::VARCHAR]) AND pg_catalog.pg_table_is_visible(pg_catalog.pg_class.oid) AND pg_catalog.pg_namespace.nspname != $7::VARCHAR
2026-08-21 13:53:22,050 | INFO | sqlalchemy.engine.Engine | 1848 | [cached since 0.5459s ago] ('users', 'r', 'p', 'f', 'v', 'm', 'pg_catalog')
2026-08-21 13:53:22,054 | INFO | sqlalchemy.engine.Engine | 1848 | 
DROP TABLE users
2026-08-21 13:53:22,054 | INFO | sqlalchemy.engine.Engine | 1848 | [no key 0.00035s] ()
2026-08-21 13:53:22,060 | INFO | sqlalchemy.engine.Engine | 2718 | COMMIT
2026-08-21 13:55:36,135 | INFO | sqlalchemy.engine.Engine | 1848 | select pg_catalog.version()
2026-08-21 13:55:36,136 | INFO | sqlalchemy.engine.Engine | 1848 | [raw sql] ()
2026-08-21 13:55:36,140 | INFO | sqlalchemy.engine.Engine | 1848 | select current_schema()
2026-08-21 13:55:36,140 | INFO | sqlalchemy.engine.Engine | 1848 | [raw sql] ()
2026-08-21 13:55:36,143 | INFO | sqlalchemy.engine.Engine | 1848 | show standard_conforming_strings
2026-08-21 13:55:36,144 | INFO | sqlalchemy.engine.Engine | 1848 | [raw sql] ()
2026-08-21 13:55:36,146 | INFO | sqlalchemy.engine.Engine | 2712 | BEGIN (implicit)
2026-08-21 13:55:36,151 | INFO | sqlalchemy.engine.Engine | 1848 | SELECT pg_catalog.pg_class.relname 
FROM pg_catalog.pg_class JOIN pg_catalog.pg_namespace ON pg_catalog.pg_namespace.oid = pg_catalog.pg_class.relnamespace 
WHERE pg_catalog.pg_class.relname = $1::VARCHAR AND pg_catalog.pg_class.relkind = ANY (ARRAY[$2::VARCHAR, $3::VARCHAR, $4::VARCHAR, $5::VARCHAR, $6::VARCHAR]) AND pg_catalog.pg_table_is_visible(pg_catalog.pg_class.oid) AND pg_catalog.pg_namespace.nspname != $7::VARCHAR
2026-08-21 13:55:36,151 | INFO | sqlalchemy.engine.Engine | 1848 | [generated in 0.00048s] ('users', 'r', 'p', 'f', 'v', 'm', 'pg_catalog')
2026-08-21 13:55:36,166 | INFO | sqlalchemy.engine.Engine | 1848 | 
CREATE TABLE users (
	id UUID DEFAULT gen_random_uuid() NOT NULL, 
	email VARCHAR(255) NOT NULL, 
	password VARCHAR(255), 
	username VARCHAR(255) NOT NULL, 
	role TEXT DEFAULT 'user' NOT NULL, 
	is_active BOOLEAN DEFAULT false NOT NULL, 
	created_at TIMESTAMP WITH TIME ZONE DEFAULT now() NOT NULL, 
	updated_at TIMESTAMP WITH TIME ZONE DEFAULT now() NOT NULL, 
	PRIMARY KEY (id)
)


2026-08-21 13:55:36,167 | INFO | sqlalchemy.engine.Engine | 1848 | [no key 0.00037s] ()
2026-08-21 13:55:36,187 | INFO | sqlalchemy.engine.Engine | 1848 | CREATE INDEX ix_users_role ON users (role)
2026-08-21 13:55:36,188 | INFO | sqlalchemy.engine.Engine | 1848 | [no key 0.00042s] ()
2026-08-21 13:55:36,191 | INFO | sqlalchemy.engine.Engine | 1848 | CREATE INDEX ix_users_email ON users (email)
2026-08-21 13:55:36,192 | INFO | sqlalchemy.engine.Engine | 1848 | [no key 0.00053s] ()
2026-08-21 13:55:36,196 | INFO | sqlalchemy.engine.Engine | 2718 | COMMIT
2026-08-21 13:55:36,203 | INFO | sqlalchemy.engine.Engine | 2712 | BEGIN (implicit)
2026-08-21 13:55:36,205 | INFO | sqlalchemy.engine.Engine | 1848 | INSERT INTO users (id, email, password, username, role, is_active, created_at, updated_at) VALUES ($1::UUID, $2::VARCHAR, $3::VARCHAR, $4::VARCHAR, $5::VARCHAR, $6::BOOLEAN, $7::TIMESTAMP WITH TIME ZONE, $8::TIMESTAMP WITH TIME ZONE)
2026-08-21 13:55:36,206 | INFO | sqlalchemy.engine.Engine | 1848 | [generated in 0.00043s] (UUID('e7de0260-05e5-47a0-9c11-9dc3ac038543'), 'testuser@gmail.com', 'hashed_password', 'testuser', <Roles.USER: 'user'>, False, datetime.datetime(2026, 8, 21, 12, 55, 36, 201711, tzinfo=datetime.timezone.utc), datetime.datetime(2026, 8, 21, 12, 55, 36, 201762, tzinfo=datetime.timezone.utc))
2026-08-21 13:55:36,214 | INFO | sqlalchemy.engine.Engine | 2718 | COMMIT
2026-08-21 13:55:36,217 | INFO | sqlalchemy.engine.Engine | 2712 | BEGIN (implicit)
2026-08-21 13:55:36,219 | INFO | sqlalchemy.engine.Engine | 1848 | SELECT users.id, users.email, users.password, users.username, users.role, users.is_active, users.created_at, users.updated_at 
FROM users 
WHERE users.id = $1::UUID
2026-08-21 13:55:36,220 | INFO | sqlalchemy.engine.Engine | 1848 | [generated in 0.00033s] (UUID('e7de0260-05e5-47a0-9c11-9dc3ac038543'),)
2026-08-21 13:55:36,223 | INFO | sqlalchemy.engine.Engine | 1848 | SELECT users.id, users.email, users.password, users.username, users.role, users.is_active, users.created_at, users.updated_at 
FROM users 
WHERE users.id = $1::UUID
2026-08-21 13:55:36,223 | INFO | sqlalchemy.engine.Engine | 1848 | [generated in 0.00038s] (UUID('e7de0260-05e5-47a0-9c11-9dc3ac038543'),)
2026-08-21 13:55:36,227 | INFO | sqlalchemy.engine.Engine | 2715 | ROLLBACK
2026-08-21 13:55:36,229 | INFO | sqlalchemy.engine.Engine | 2712 | BEGIN (implicit)
2026-08-21 13:55:36,230 | INFO | sqlalchemy.engine.Engine | 1848 | SELECT pg_catalog.pg_class.relname 
FROM pg_catalog.pg_class JOIN pg_catalog.pg_namespace ON pg_catalog.pg_namespace.oid = pg_catalog.pg_class.relnamespace 
WHERE pg_catalog.pg_class.relname = $1::VARCHAR AND pg_catalog.pg_class.relkind = ANY (ARRAY[$2::VARCHAR, $3::VARCHAR, $4::VARCHAR, $5::VARCHAR, $6::VARCHAR]) AND pg_catalog.pg_table_is_visible(pg_catalog.pg_class.oid) AND pg_catalog.pg_namespace.nspname != $7::VARCHAR
2026-08-21 13:55:36,230 | INFO | sqlalchemy.engine.Engine | 1848 | [cached since 0.07944s ago] ('users', 'r', 'p', 'f', 'v', 'm', 'pg_catalog')
2026-08-21 13:55:36,232 | INFO | sqlalchemy.engine.Engine | 1848 | 
DROP TABLE users
2026-08-21 13:55:36,233 | INFO | sqlalchemy.engine.Engine | 1848 | [no key 0.00034s] ()
2026-08-21 13:55:36,239 | INFO | sqlalchemy.engine.Engine | 2718 | COMMIT
2026-08-21 13:55:36,382 | INFO | sqlalchemy.engine.Engine | 1848 | select pg_catalog.version()
2026-08-21 13:55:36,383 | INFO | sqlalchemy.engine.Engine | 1848 | [raw sql] ()
2026-08-21 13:55:36,386 | INFO | sqlalchemy.engine.Engine | 1848 | select current_schema()
2026-08-21 13:55:36,386 | INFO | sqlalchemy.engine.Engine | 1848 | [raw sql] ()
2026-08-21 13:55:36,388 | INFO | sqlalchemy.engine.Engine | 1848 | show standard_conforming_strings
2026-08-21 13:55:36,389 | INFO | sqlalchemy.engine.Engine | 1848 | [raw sql] ()
2026-08-21 13:55:36,390 | INFO | sqlalchemy.engine.Engine | 2712 | BEGIN (implicit)
2026-08-21 13:55:36,392 | INFO | sqlalchemy.engine.Engine | 1848 | SELECT pg_catalog.pg_class.relname 
FROM pg_catalog.pg_class JOIN pg_catalog.pg_namespace ON pg_catalog.pg_namespace.oid = pg_catalog.pg_class.relnamespace 
WHERE pg_catalog.pg_class.relname = $1::VARCHAR AND pg_catalog.pg_class.relkind = ANY (ARRAY[$2::VARCHAR, $3::VARCHAR, $4::VARCHAR, $5::VARCHAR, $6::VARCHAR]) AND pg_catalog.pg_table_is_visible(pg_catalog.pg_class.oid) AND pg_catalog.pg_namespace.nspname != $7::VARCHAR
2026-08-21 13:55:36,392 | INFO | sqlalchemy.engine.Engine | 1848 | [generated in 0.00045s] ('users', 'r', 'p', 'f', 'v', 'm', 'pg_catalog')
2026-08-21 13:55:36,406 | INFO | sqlalchemy.engine.Engine | 1848 | 
CREATE TABLE users (
	id UUID DEFAULT gen_random_uuid() NOT NULL, 
	email VARCHAR(255) NOT NULL, 
	password VARCHAR(255), 
	username VARCHAR(255) NOT NULL, 
	role TEXT DEFAULT 'user' NOT NULL, 
	is_active BOOLEAN DEFAULT false NOT NULL, 
	created_at TIMESTAMP WITH TIME ZONE DEFAULT now() NOT NULL, 
	updated_at TIMESTAMP WITH TIME ZONE DEFAULT now() NOT NULL, 
	PRIMARY KEY (id)
)


2026-08-21 13:55:36,406 | INFO | sqlalchemy.engine.Engine | 1848 | [no key 0.00032s] ()
2026-08-21 13:55:36,428 | INFO | sqlalchemy.engine.Engine | 1848 | CREATE INDEX ix_users_role ON users (role)
2026-08-21 13:55:36,428 | INFO | sqlalchemy.engine.Engine | 1848 | [no key 0.00047s] ()
2026-08-21 13:55:36,432 | INFO | sqlalchemy.engine.Engine | 1848 | CREATE INDEX ix_users_email ON users (email)
2026-08-21 13:55:36,432 | INFO | sqlalchemy.engine.Engine | 1848 | [no key 0.00043s] ()
2026-08-21 13:55:36,436 | INFO | sqlalchemy.engine.Engine | 2718 | COMMIT
2026-08-21 13:55:36,442 | INFO | sqlalchemy.engine.Engine | 2712 | BEGIN (implicit)
2026-08-21 13:55:36,443 | INFO | sqlalchemy.engine.Engine | 1848 | INSERT INTO users (id, email, password, username, role, is_active, created_at, updated_at) VALUES ($1::UUID, $2::VARCHAR, $3::VARCHAR, $4::VARCHAR, $5::VARCHAR, $6::BOOLEAN, $7::TIMESTAMP WITH TIME ZONE, $8::TIMESTAMP WITH TIME ZONE)
2026-08-21 13:55:36,444 | INFO | sqlalchemy.engine.Engine | 1848 | [generated in 0.00052s] (UUID('0e6f1fe2-86b4-4dff-b656-20d19577ab4f'), 'testuser@gmail.com', 'hashed-password', 'testuser', <Roles.USER: 'user'>, False, datetime.datetime(2026, 8, 21, 12, 55, 36, 441339, tzinfo=datetime.timezone.utc), datetime.datetime(2026, 8, 21, 12, 55, 36, 441357, tzinfo=datetime.timezone.utc))
2026-08-21 13:55:36,451 | INFO | sqlalchemy.engine.Engine | 2718 | COMMIT
2026-08-21 13:55:36,454 | INFO | sqlalchemy.engine.Engine | 2712 | BEGIN (implicit)
2026-08-21 13:55:36,455 | INFO | sqlalchemy.engine.Engine | 1848 | SELECT users.id, users.email, users.password, users.username, users.role, users.is_active, users.created_at, users.updated_at 
FROM users 
WHERE users.id = $1::UUID
2026-08-21 13:55:36,456 | INFO | sqlalchemy.engine.Engine | 1848 | [generated in 0.00061s] (UUID('0e6f1fe2-86b4-4dff-b656-20d19577ab4f'),)
2026-08-21 13:55:36,459 | INFO | sqlalchemy.engine.Engine | 1848 | SELECT users.id, users.email, users.password, users.username, users.role, users.is_active, users.created_at, users.updated_at 
FROM users 
WHERE users.email = $1::VARCHAR
2026-08-21 13:55:36,459 | INFO | sqlalchemy.engine.Engine | 1848 | [generated in 0.00037s] ('testuser@gmail.com',)
2026-08-21 13:55:36,468 | INFO | sqlalchemy.engine.Engine | 2715 | ROLLBACK
2026-08-21 13:55:36,470 | INFO | sqlalchemy.engine.Engine | 2712 | BEGIN (implicit)
2026-08-21 13:55:36,471 | INFO | sqlalchemy.engine.Engine | 1848 | SELECT pg_catalog.pg_class.relname 
FROM pg_catalog.pg_class JOIN pg_catalog.pg_namespace ON pg_catalog.pg_namespace.oid = pg_catalog.pg_class.relnamespace 
WHERE pg_catalog.pg_class.relname = $1::VARCHAR AND pg_catalog.pg_class.relkind = ANY (ARRAY[$2::VARCHAR, $3::VARCHAR, $4::VARCHAR, $5::VARCHAR, $6::VARCHAR]) AND pg_catalog.pg_table_is_visible(pg_catalog.pg_class.oid) AND pg_catalog.pg_namespace.nspname != $7::VARCHAR
2026-08-21 13:55:36,471 | INFO | sqlalchemy.engine.Engine | 1848 | [cached since 0.07888s ago] ('users', 'r', 'p', 'f', 'v', 'm', 'pg_catalog')
2026-08-21 13:55:36,473 | INFO | sqlalchemy.engine.Engine | 1848 | 
DROP TABLE users
2026-08-21 13:55:36,474 | INFO | sqlalchemy.engine.Engine | 1848 | [no key 0.00031s] ()
2026-08-21 13:55:36,480 | INFO | sqlalchemy.engine.Engine | 2718 | COMMIT
2026-08-21 13:55:36,621 | INFO | sqlalchemy.engine.Engine | 1848 | select pg_catalog.version()
2026-08-21 13:55:36,621 | INFO | sqlalchemy.engine.Engine | 1848 | [raw sql] ()
2026-08-21 13:55:36,624 | INFO | sqlalchemy.engine.Engine | 1848 | select current_schema()
2026-08-21 13:55:36,625 | INFO | sqlalchemy.engine.Engine | 1848 | [raw sql] ()
2026-08-21 13:55:36,627 | INFO | sqlalchemy.engine.Engine | 1848 | show standard_conforming_strings
2026-08-21 13:55:36,627 | INFO | sqlalchemy.engine.Engine | 1848 | [raw sql] ()
2026-08-21 13:55:36,628 | INFO | sqlalchemy.engine.Engine | 2712 | BEGIN (implicit)
2026-08-21 13:55:36,630 | INFO | sqlalchemy.engine.Engine | 1848 | SELECT pg_catalog.pg_class.relname 
FROM pg_catalog.pg_class JOIN pg_catalog.pg_namespace ON pg_catalog.pg_namespace.oid = pg_catalog.pg_class.relnamespace 
WHERE pg_catalog.pg_class.relname = $1::VARCHAR AND pg_catalog.pg_class.relkind = ANY (ARRAY[$2::VARCHAR, $3::VARCHAR, $4::VARCHAR, $5::VARCHAR, $6::VARCHAR]) AND pg_catalog.pg_table_is_visible(pg_catalog.pg_class.oid) AND pg_catalog.pg_namespace.nspname != $7::VARCHAR
2026-08-21 13:55:36,630 | INFO | sqlalchemy.engine.Engine | 1848 | [generated in 0.00038s] ('users', 'r', 'p', 'f', 'v', 'm', 'pg_catalog')
2026-08-21 13:55:36,643 | INFO | sqlalchemy.engine.Engine | 1848 | 
CREATE TABLE users (
	id UUID DEFAULT gen_random_uuid() NOT NULL, 
	email VARCHAR(255) NOT NULL, 
	password VARCHAR(255), 
	username VARCHAR(255) NOT NULL, 
	role TEXT DEFAULT 'user' NOT NULL, 
	is_active BOOLEAN DEFAULT false NOT NULL, 
	created_at TIMESTAMP WITH TIME ZONE DEFAULT now() NOT NULL, 
	updated_at TIMESTAMP WITH TIME ZONE DEFAULT now() NOT NULL, 
	PRIMARY KEY (id)
)


2026-08-21 13:55:36,644 | INFO | sqlalchemy.engine.Engine | 1848 | [no key 0.00040s] ()
2026-08-21 13:55:36,662 | INFO | sqlalchemy.engine.Engine | 1848 | CREATE INDEX ix_users_role ON users (role)
2026-08-21 13:55:36,662 | INFO | sqlalchemy.engine.Engine | 1848 | [no key 0.00045s] ()
2026-08-21 13:55:36,666 | INFO | sqlalchemy.engine.Engine | 1848 | CREATE INDEX ix_users_email ON users (email)
2026-08-21 13:55:36,666 | INFO | sqlalchemy.engine.Engine | 1848 | [no key 0.00048s] ()
2026-08-21 13:55:36,670 | INFO | sqlalchemy.engine.Engine | 2718 | COMMIT
2026-08-21 13:55:36,778 | INFO | sqlalchemy.engine.Engine | 2712 | BEGIN (implicit)
2026-08-21 13:55:36,779 | INFO | sqlalchemy.engine.Engine | 1848 | INSERT INTO users (id, email, password, username, role, is_active, created_at, updated_at) VALUES ($1::UUID, $2::VARCHAR, $3::VARCHAR, $4::VARCHAR, $5::VARCHAR, $6::BOOLEAN, $7::TIMESTAMP WITH TIME ZONE, $8::TIMESTAMP WITH TIME ZONE)
2026-08-21 13:55:36,780 | INFO | sqlalchemy.engine.Engine | 1848 | [generated in 0.00036s] (UUID('c1d1f7e9-f263-4193-b1aa-872f6c43e26e'), 'testuser@gmail.com', '$argon2id$v=19$m=65536,t=3,p=4$SjC3Vh0OLFWs1/H59VyhMQ$U6ANKvKNMDccbEmZgk6n5bbBR7elmRC41tZapTHbrsU', 'testuser', <Roles.USER: 'user'>, False, datetime.datetime(2026, 8, 21, 12, 55, 36, 777054, tzinfo=datetime.timezone.utc), datetime.datetime(2026, 8, 21, 12, 55, 36, 777072, tzinfo=datetime.timezone.utc))
2026-08-21 13:55:36,787 | INFO | sqlalchemy.engine.Engine | 2718 | COMMIT
2026-08-21 13:55:36,789 | INFO | sqlalchemy.engine.Engine | 2712 | BEGIN (implicit)
2026-08-21 13:55:36,790 | INFO | sqlalchemy.engine.Engine | 1848 | SELECT users.id, users.email, users.password, users.username, users.role, users.is_active, users.created_at, users.updated_at 
FROM users 
WHERE users.id = $1::UUID
2026-08-21 13:55:36,791 | INFO | sqlalchemy.engine.Engine | 1848 | [generated in 0.00036s] (UUID('c1d1f7e9-f263-4193-b1aa-872f6c43e26e'),)
2026-08-21 13:55:36,794 | INFO | sqlalchemy.engine.Engine | 2715 | ROLLBACK
2026-08-21 13:55:36,797 | INFO | sqlalchemy.engine.Engine | 2712 | BEGIN (implicit)
2026-08-21 13:55:36,797 | INFO | sqlalchemy.engine.Engine | 1848 | SELECT pg_catalog.pg_class.relname 
FROM pg_catalog.pg_class JOIN pg_catalog.pg_namespace ON pg_catalog.pg_namespace.oid = pg_catalog.pg_class.relnamespace 
WHERE pg_catalog.pg_class.relname = $1::VARCHAR AND pg_catalog.pg_class.relkind = ANY (ARRAY[$2::VARCHAR, $3::VARCHAR, $4::VARCHAR, $5::VARCHAR, $6::VARCHAR]) AND pg_catalog.pg_table_is_visible(pg_catalog.pg_class.oid) AND pg_catalog.pg_namespace.nspname != $7::VARCHAR
2026-08-21 13:55:36,797 | INFO | sqlalchemy.engine.Engine | 1848 | [cached since 0.1673s ago] ('users', 'r', 'p', 'f', 'v', 'm', 'pg_catalog')
2026-08-21 13:55:36,799 | INFO | sqlalchemy.engine.Engine | 1848 | 
DROP TABLE users
2026-08-21 13:55:36,800 | INFO | sqlalchemy.engine.Engine | 1848 | [no key 0.00030s] ()
2026-08-21 13:55:36,806 | INFO | sqlalchemy.engine.Engine | 2718 | COMMIT
2026-08-21 13:55:36,950 | INFO | sqlalchemy.engine.Engine | 1848 | select pg_catalog.version()
2026-08-21 13:55:36,951 | INFO | sqlalchemy.engine.Engine | 1848 | [raw sql] ()
2026-08-21 13:55:36,955 | INFO | sqlalchemy.engine.Engine | 1848 | select current_schema()
2026-08-21 13:55:36,955 | INFO | sqlalchemy.engine.Engine | 1848 | [raw sql] ()
2026-08-21 13:55:36,958 | INFO | sqlalchemy.engine.Engine | 1848 | show standard_conforming_strings
2026-08-21 13:55:36,958 | INFO | sqlalchemy.engine.Engine | 1848 | [raw sql] ()
2026-08-21 13:55:36,960 | INFO | sqlalchemy.engine.Engine | 2712 | BEGIN (implicit)
2026-08-21 13:55:36,962 | INFO | sqlalchemy.engine.Engine | 1848 | SELECT pg_catalog.pg_class.relname 
FROM pg_catalog.pg_class JOIN pg_catalog.pg_namespace ON pg_catalog.pg_namespace.oid = pg_catalog.pg_class.relnamespace 
WHERE pg_catalog.pg_class.relname = $1::VARCHAR AND pg_catalog.pg_class.relkind = ANY (ARRAY[$2::VARCHAR, $3::VARCHAR, $4::VARCHAR, $5::VARCHAR, $6::VARCHAR]) AND pg_catalog.pg_table_is_visible(pg_catalog.pg_class.oid) AND pg_catalog.pg_namespace.nspname != $7::VARCHAR
2026-08-21 13:55:36,963 | INFO | sqlalchemy.engine.Engine | 1848 | [generated in 0.00055s] ('users', 'r', 'p', 'f', 'v', 'm', 'pg_catalog')
2026-08-21 13:55:36,980 | INFO | sqlalchemy.engine.Engine | 1848 | 
CREATE TABLE users (
	id UUID DEFAULT gen_random_uuid() NOT NULL, 
	email VARCHAR(255) NOT NULL, 
	password VARCHAR(255), 
	username VARCHAR(255) NOT NULL, 
	role TEXT DEFAULT 'user' NOT NULL, 
	is_active BOOLEAN DEFAULT false NOT NULL, 
	created_at TIMESTAMP WITH TIME ZONE DEFAULT now() NOT NULL, 
	updated_at TIMESTAMP WITH TIME ZONE DEFAULT now() NOT NULL, 
	PRIMARY KEY (id)
)


2026-08-21 13:55:36,981 | INFO | sqlalchemy.engine.Engine | 1848 | [no key 0.00047s] ()
2026-08-21 13:55:37,000 | INFO | sqlalchemy.engine.Engine | 1848 | CREATE INDEX ix_users_role ON users (role)
2026-08-21 13:55:37,000 | INFO | sqlalchemy.engine.Engine | 1848 | [no key 0.00049s] ()
2026-08-21 13:55:37,004 | INFO | sqlalchemy.engine.Engine | 1848 | CREATE INDEX ix_users_email ON users (email)
2026-08-21 13:55:37,005 | INFO | sqlalchemy.engine.Engine | 1848 | [no key 0.00053s] ()
2026-08-21 13:55:37,008 | INFO | sqlalchemy.engine.Engine | 2718 | COMMIT
2026-08-21 13:55:37,016 | INFO | sqlalchemy.engine.Engine | 2712 | BEGIN (implicit)
2026-08-21 13:55:37,017 | INFO | sqlalchemy.engine.Engine | 1848 | INSERT INTO users (id, email, password, username, role, is_active, created_at, updated_at) VALUES ($1::UUID, $2::VARCHAR, $3::VARCHAR, $4::VARCHAR, $5::VARCHAR, $6::BOOLEAN, $7::TIMESTAMP WITH TIME ZONE, $8::TIMESTAMP WITH TIME ZONE)
2026-08-21 13:55:37,017 | INFO | sqlalchemy.engine.Engine | 1848 | [generated in 0.00043s] (UUID('a711a4e8-8369-43ec-9a74-0c8bb0b37ef0'), 'testuser@gmail.com', 'hashed-password', 'testuser', <Roles.USER: 'user'>, False, datetime.datetime(2026, 8, 21, 12, 55, 37, 14819, tzinfo=datetime.timezone.utc), datetime.datetime(2026, 8, 21, 12, 55, 37, 14909, tzinfo=datetime.timezone.utc))
2026-08-21 13:55:37,026 | INFO | sqlalchemy.engine.Engine | 2718 | COMMIT
2026-08-21 13:55:37,029 | INFO | sqlalchemy.engine.Engine | 2712 | BEGIN (implicit)
2026-08-21 13:55:37,031 | INFO | sqlalchemy.engine.Engine | 1848 | SELECT users.id, users.email, users.password, users.username, users.role, users.is_active, users.created_at, users.updated_at 
FROM users 
WHERE users.id = $1::UUID
2026-08-21 13:55:37,031 | INFO | sqlalchemy.engine.Engine | 1848 | [generated in 0.00058s] (UUID('a711a4e8-8369-43ec-9a74-0c8bb0b37ef0'),)
2026-08-21 13:55:37,036 | INFO | sqlalchemy.engine.Engine | 1848 | SELECT users.id, users.email, users.password, users.username, users.role, users.is_active, users.created_at, users.updated_at 
FROM users 
WHERE users.id = $1::UUID
2026-08-21 13:55:37,036 | INFO | sqlalchemy.engine.Engine | 1848 | [generated in 0.00066s] (UUID('a711a4e8-8369-43ec-9a74-0c8bb0b37ef0'),)
2026-08-21 13:55:37,041 | INFO | sqlalchemy.engine.Engine | 1848 | UPDATE users SET username=$1::VARCHAR, updated_at=now() WHERE users.id = $2::UUID
2026-08-21 13:55:37,041 | INFO | sqlalchemy.engine.Engine | 1848 | [generated in 0.00046s] ('marvelous', UUID('a711a4e8-8369-43ec-9a74-0c8bb0b37ef0'))
2026-08-21 13:55:37,044 | INFO | sqlalchemy.engine.Engine | 2718 | COMMIT
2026-08-21 13:55:37,046 | INFO | sqlalchemy.engine.Engine | 2712 | BEGIN (implicit)
2026-08-21 13:55:37,047 | INFO | sqlalchemy.engine.Engine | 1848 | SELECT users.id, users.email, users.password, users.username, users.role, users.is_active, users.created_at, users.updated_at 
FROM users 
WHERE users.id = $1::UUID
2026-08-21 13:55:37,047 | INFO | sqlalchemy.engine.Engine | 1848 | [cached since 0.01679s ago] (UUID('a711a4e8-8369-43ec-9a74-0c8bb0b37ef0'),)
2026-08-21 13:55:37,051 | INFO | sqlalchemy.engine.Engine | 2715 | ROLLBACK
2026-08-21 13:55:37,054 | INFO | sqlalchemy.engine.Engine | 2712 | BEGIN (implicit)
2026-08-21 13:55:37,055 | INFO | sqlalchemy.engine.Engine | 1848 | SELECT pg_catalog.pg_class.relname 
FROM pg_catalog.pg_class JOIN pg_catalog.pg_namespace ON pg_catalog.pg_namespace.oid = pg_catalog.pg_class.relnamespace 
WHERE pg_catalog.pg_class.relname = $1::VARCHAR AND pg_catalog.pg_class.relkind = ANY (ARRAY[$2::VARCHAR, $3::VARCHAR, $4::VARCHAR, $5::VARCHAR, $6::VARCHAR]) AND pg_catalog.pg_table_is_visible(pg_catalog.pg_class.oid) AND pg_catalog.pg_namespace.nspname != $7::VARCHAR
2026-08-21 13:55:37,055 | INFO | sqlalchemy.engine.Engine | 1848 | [cached since 0.09282s ago] ('users', 'r', 'p', 'f', 'v', 'm', 'pg_catalog')
2026-08-21 13:55:37,058 | INFO | sqlalchemy.engine.Engine | 1848 | 
DROP TABLE users
2026-08-21 13:55:37,058 | INFO | sqlalchemy.engine.Engine | 1848 | [no key 0.00044s] ()
2026-08-21 13:55:37,064 | INFO | sqlalchemy.engine.Engine | 2718 | COMMIT
2026-08-21 13:55:37,217 | INFO | sqlalchemy.engine.Engine | 1848 | select pg_catalog.version()
2026-08-21 13:55:37,218 | INFO | sqlalchemy.engine.Engine | 1848 | [raw sql] ()
2026-08-21 13:55:37,221 | INFO | sqlalchemy.engine.Engine | 1848 | select current_schema()
2026-08-21 13:55:37,221 | INFO | sqlalchemy.engine.Engine | 1848 | [raw sql] ()
2026-08-21 13:55:37,224 | INFO | sqlalchemy.engine.Engine | 1848 | show standard_conforming_strings
2026-08-21 13:55:37,224 | INFO | sqlalchemy.engine.Engine | 1848 | [raw sql] ()
2026-08-21 13:55:37,225 | INFO | sqlalchemy.engine.Engine | 2712 | BEGIN (implicit)
2026-08-21 13:55:37,227 | INFO | sqlalchemy.engine.Engine | 1848 | SELECT pg_catalog.pg_class.relname 
FROM pg_catalog.pg_class JOIN pg_catalog.pg_namespace ON pg_catalog.pg_namespace.oid = pg_catalog.pg_class.relnamespace 
WHERE pg_catalog.pg_class.relname = $1::VARCHAR AND pg_catalog.pg_class.relkind = ANY (ARRAY[$2::VARCHAR, $3::VARCHAR, $4::VARCHAR, $5::VARCHAR, $6::VARCHAR]) AND pg_catalog.pg_table_is_visible(pg_catalog.pg_class.oid) AND pg_catalog.pg_namespace.nspname != $7::VARCHAR
2026-08-21 13:55:37,227 | INFO | sqlalchemy.engine.Engine | 1848 | [generated in 0.00037s] ('users', 'r', 'p', 'f', 'v', 'm', 'pg_catalog')
2026-08-21 13:55:37,240 | INFO | sqlalchemy.engine.Engine | 1848 | 
CREATE TABLE users (
	id UUID DEFAULT gen_random_uuid() NOT NULL, 
	email VARCHAR(255) NOT NULL, 
	password VARCHAR(255), 
	username VARCHAR(255) NOT NULL, 
	role TEXT DEFAULT 'user' NOT NULL, 
	is_active BOOLEAN DEFAULT false NOT NULL, 
	created_at TIMESTAMP WITH TIME ZONE DEFAULT now() NOT NULL, 
	updated_at TIMESTAMP WITH TIME ZONE DEFAULT now() NOT NULL, 
	PRIMARY KEY (id)
)


2026-08-21 13:55:37,241 | INFO | sqlalchemy.engine.Engine | 1848 | [no key 0.00031s] ()
2026-08-21 13:55:37,259 | INFO | sqlalchemy.engine.Engine | 1848 | CREATE INDEX ix_users_role ON users (role)
2026-08-21 13:55:37,260 | INFO | sqlalchemy.engine.Engine | 1848 | [no key 0.00046s] ()
2026-08-21 13:55:37,263 | INFO | sqlalchemy.engine.Engine | 1848 | CREATE INDEX ix_users_email ON users (email)
2026-08-21 13:55:37,264 | INFO | sqlalchemy.engine.Engine | 1848 | [no key 0.00043s] ()
2026-08-21 13:55:37,267 | INFO | sqlalchemy.engine.Engine | 2718 | COMMIT
2026-08-21 13:55:37,273 | INFO | sqlalchemy.engine.Engine | 2712 | BEGIN (implicit)
2026-08-21 13:55:37,275 | INFO | sqlalchemy.engine.Engine | 1848 | INSERT INTO users (id, email, password, username, role, is_active, created_at, updated_at) VALUES ($1::UUID, $2::VARCHAR, $3::VARCHAR, $4::VARCHAR, $5::VARCHAR, $6::BOOLEAN, $7::TIMESTAMP WITH TIME ZONE, $8::TIMESTAMP WITH TIME ZONE)
2026-08-21 13:55:37,276 | INFO | sqlalchemy.engine.Engine | 1848 | [generated in 0.00071s] (UUID('18967f7c-330b-497d-988a-3dc996a4457f'), 'testuser@gmail.com', 'hashed-password', 'testuser', <Roles.USER: 'user'>, False, datetime.datetime(2026, 8, 21, 12, 55, 37, 272260, tzinfo=datetime.timezone.utc), datetime.datetime(2026, 8, 21, 12, 55, 37, 272282, tzinfo=datetime.timezone.utc))
2026-08-21 13:55:37,284 | INFO | sqlalchemy.engine.Engine | 2718 | COMMIT
2026-08-21 13:55:37,286 | INFO | sqlalchemy.engine.Engine | 2712 | BEGIN (implicit)
2026-08-21 13:55:37,287 | INFO | sqlalchemy.engine.Engine | 1848 | SELECT users.id, users.email, users.password, users.username, users.role, users.is_active, users.created_at, users.updated_at 
FROM users 
WHERE users.id = $1::UUID
2026-08-21 13:55:37,287 | INFO | sqlalchemy.engine.Engine | 1848 | [generated in 0.00030s] (UUID('18967f7c-330b-497d-988a-3dc996a4457f'),)
2026-08-21 13:55:37,290 | INFO | sqlalchemy.engine.Engine | 1848 | SELECT users.id, users.email, users.password, users.username, users.role, users.is_active, users.created_at, users.updated_at 
FROM users 
WHERE users.id = $1::UUID
2026-08-21 13:55:37,291 | INFO | sqlalchemy.engine.Engine | 1848 | [generated in 0.00035s] (UUID('18967f7c-330b-497d-988a-3dc996a4457f'),)
2026-08-21 13:55:37,293 | INFO | sqlalchemy.engine.Engine | 1848 | DELETE FROM users WHERE users.id = $1::UUID
2026-08-21 13:55:37,293 | INFO | sqlalchemy.engine.Engine | 1848 | [generated in 0.00035s] (UUID('18967f7c-330b-497d-988a-3dc996a4457f'),)
2026-08-21 13:55:37,295 | INFO | sqlalchemy.engine.Engine | 2718 | COMMIT
2026-08-21 13:55:37,297 | INFO | sqlalchemy.engine.Engine | 2712 | BEGIN (implicit)
2026-08-21 13:55:37,297 | INFO | sqlalchemy.engine.Engine | 1848 | SELECT users.id, users.email, users.password, users.username, users.role, users.is_active, users.created_at, users.updated_at 
FROM users 
WHERE users.id = $1::UUID
2026-08-21 13:55:37,298 | INFO | sqlalchemy.engine.Engine | 1848 | [cached since 0.007452s ago] (UUID('18967f7c-330b-497d-988a-3dc996a4457f'),)
2026-08-21 13:55:37,300 | INFO | sqlalchemy.engine.Engine | 2715 | ROLLBACK
2026-08-21 13:55:37,303 | INFO | sqlalchemy.engine.Engine | 2712 | BEGIN (implicit)
2026-08-21 13:55:37,303 | INFO | sqlalchemy.engine.Engine | 1848 | SELECT pg_catalog.pg_class.relname 
FROM pg_catalog.pg_class JOIN pg_catalog.pg_namespace ON pg_catalog.pg_namespace.oid = pg_catalog.pg_class.relnamespace 
WHERE pg_catalog.pg_class.relname = $1::VARCHAR AND pg_catalog.pg_class.relkind = ANY (ARRAY[$2::VARCHAR, $3::VARCHAR, $4::VARCHAR, $5::VARCHAR, $6::VARCHAR]) AND pg_catalog.pg_table_is_visible(pg_catalog.pg_class.oid) AND pg_catalog.pg_namespace.nspname != $7::VARCHAR
2026-08-21 13:55:37,304 | INFO | sqlalchemy.engine.Engine | 1848 | [cached since 0.0767s ago] ('users', 'r', 'p', 'f', 'v', 'm', 'pg_catalog')
2026-08-21 13:55:37,307 | INFO | sqlalchemy.engine.Engine | 1848 | 
DROP TABLE users
2026-08-21 13:55:37,307 | INFO | sqlalchemy.engine.Engine | 1848 | [no key 0.00053s] ()
2026-08-21 13:55:37,313 | INFO | sqlalchemy.engine.Engine | 2718 | COMMIT
2026-08-21 13:55:37,447 | INFO | sqlalchemy.engine.Engine | 1848 | select pg_catalog.version()
2026-08-21 13:55:37,447 | INFO | sqlalchemy.engine.Engine | 1848 | [raw sql] ()
2026-08-21 13:55:37,450 | INFO | sqlalchemy.engine.Engine | 1848 | select current_schema()
2026-08-21 13:55:37,450 | INFO | sqlalchemy.engine.Engine | 1848 | [raw sql] ()
2026-08-21 13:55:37,452 | INFO | sqlalchemy.engine.Engine | 1848 | show standard_conforming_strings
2026-08-21 13:55:37,452 | INFO | sqlalchemy.engine.Engine | 1848 | [raw sql] ()
2026-08-21 13:55:37,454 | INFO | sqlalchemy.engine.Engine | 2712 | BEGIN (implicit)
2026-08-21 13:55:37,456 | INFO | sqlalchemy.engine.Engine | 1848 | SELECT pg_catalog.pg_class.relname 
FROM pg_catalog.pg_class JOIN pg_catalog.pg_namespace ON pg_catalog.pg_namespace.oid = pg_catalog.pg_class.relnamespace 
WHERE pg_catalog.pg_class.relname = $1::VARCHAR AND pg_catalog.pg_class.relkind = ANY (ARRAY[$2::VARCHAR, $3::VARCHAR, $4::VARCHAR, $5::VARCHAR, $6::VARCHAR]) AND pg_catalog.pg_table_is_visible(pg_catalog.pg_class.oid) AND pg_catalog.pg_namespace.nspname != $7::VARCHAR
2026-08-21 13:55:37,456 | INFO | sqlalchemy.engine.Engine | 1848 | [generated in 0.00047s] ('users', 'r', 'p', 'f', 'v', 'm', 'pg_catalog')
2026-08-21 13:55:37,469 | INFO | sqlalchemy.engine.Engine | 1848 | 
CREATE TABLE users (
	id UUID DEFAULT gen_random_uuid() NOT NULL, 
	email VARCHAR(255) NOT NULL, 
	password VARCHAR(255), 
	username VARCHAR(255) NOT NULL, 
	role TEXT DEFAULT 'user' NOT NULL, 
	is_active BOOLEAN DEFAULT false NOT NULL, 
	created_at TIMESTAMP WITH TIME ZONE DEFAULT now() NOT NULL, 
	updated_at TIMESTAMP WITH TIME ZONE DEFAULT now() NOT NULL, 
	PRIMARY KEY (id)
)


2026-08-21 13:55:37,469 | INFO | sqlalchemy.engine.Engine | 1848 | [no key 0.00033s] ()
2026-08-21 13:55:37,486 | INFO | sqlalchemy.engine.Engine | 1848 | CREATE INDEX ix_users_role ON users (role)
2026-08-21 13:55:37,487 | INFO | sqlalchemy.engine.Engine | 1848 | [no key 0.00052s] ()
2026-08-21 13:55:37,491 | INFO | sqlalchemy.engine.Engine | 1848 | CREATE INDEX ix_users_email ON users (email)
2026-08-21 13:55:37,491 | INFO | sqlalchemy.engine.Engine | 1848 | [no key 0.00040s] ()
2026-08-21 13:55:37,494 | INFO | sqlalchemy.engine.Engine | 2718 | COMMIT
2026-08-21 13:55:37,500 | INFO | sqlalchemy.engine.Engine | 2712 | BEGIN (implicit)
2026-08-21 13:55:37,501 | INFO | sqlalchemy.engine.Engine | 1848 | SELECT users.id, users.email, users.password, users.username, users.role, users.is_active, users.created_at, users.updated_at 
FROM users 
WHERE users.id = $1::UUID
2026-08-21 13:55:37,502 | INFO | sqlalchemy.engine.Engine | 1848 | [generated in 0.00034s] (UUID('b4b852ec-e34c-4b64-952c-d1157cc2204d'),)
2026-08-21 13:55:37,509 | INFO | sqlalchemy.engine.Engine | 1848 | SELECT users.id, users.email, users.password, users.username, users.role, users.is_active, users.created_at, users.updated_at 
FROM users 
WHERE users.email = $1::VARCHAR
2026-08-21 13:55:37,509 | INFO | sqlalchemy.engine.Engine | 1848 | [generated in 0.00040s] ('nonexistent@example.com',)
2026-08-21 13:55:37,512 | INFO | sqlalchemy.engine.Engine | 1848 | SELECT users.id, users.email, users.password, users.username, users.role, users.is_active, users.created_at, users.updated_at 
FROM users 
WHERE users.id = $1::UUID
2026-08-21 13:55:37,513 | INFO | sqlalchemy.engine.Engine | 1848 | [cached since 0.01123s ago] (UUID('b4b852ec-e34c-4b64-952c-d1157cc2204d'),)
2026-08-21 13:55:37,514 | INFO | sqlalchemy.engine.Engine | 1848 | SELECT users.id, users.email, users.password, users.username, users.role, users.is_active, users.created_at, users.updated_at 
FROM users 
WHERE users.id = $1::UUID
2026-08-21 13:55:37,514 | INFO | sqlalchemy.engine.Engine | 1848 | [cached since 0.01307s ago] (UUID('b4b852ec-e34c-4b64-952c-d1157cc2204d'),)
2026-08-21 13:55:37,517 | INFO | sqlalchemy.engine.Engine | 2715 | ROLLBACK
2026-08-21 13:55:37,520 | INFO | sqlalchemy.engine.Engine | 2712 | BEGIN (implicit)
2026-08-21 13:55:37,520 | INFO | sqlalchemy.engine.Engine | 1848 | SELECT pg_catalog.pg_class.relname 
FROM pg_catalog.pg_class JOIN pg_catalog.pg_namespace ON pg_catalog.pg_namespace.oid = pg_catalog.pg_class.relnamespace 
WHERE pg_catalog.pg_class.relname = $1::VARCHAR AND pg_catalog.pg_class.relkind = ANY (ARRAY[$2::VARCHAR, $3::VARCHAR, $4::VARCHAR, $5::VARCHAR, $6::VARCHAR]) AND pg_catalog.pg_table_is_visible(pg_catalog.pg_class.oid) AND pg_catalog.pg_namespace.nspname != $7::VARCHAR
2026-08-21 13:55:37,520 | INFO | sqlalchemy.engine.Engine | 1848 | [cached since 0.06485s ago] ('users', 'r', 'p', 'f', 'v', 'm', 'pg_catalog')
2026-08-21 13:55:37,523 | INFO | sqlalchemy.engine.Engine | 1848 | 
DROP TABLE users
2026-08-21 13:55:37,523 | INFO | sqlalchemy.engine.Engine | 1848 | [no key 0.00029s] ()
2026-08-21 13:55:37,528 | INFO | sqlalchemy.engine.Engine | 2718 | COMMIT
